UUID,Title,"First Name","Last Name","Street Address",Barangay,Municipality,Province,Country,"Phone Number","Mobile Number","Company Name","Company Website","Job Title","Favorite Color",Birthdate,"Email Address",Password
a99e8ad8-8f02-3a08-994e-10f0b41f28c8,Prof.,Terrence,Torp,"68/49 Marquardt Causeway","Flatley Light",Naga,Tennessee,"Wallis and Futuna",796-638-967,034-429-702,Denesik-Schneider,price.biz,"Agricultural Engineer",yellow,1984-02-09,obie00@yahoo.com,'s0a![Ku-XY
0807ba31-6c7e-3d96-acf6-4245a64d8680,Dr.,Kole,Price,"84 Cummings Hill","Abshire Mills","Cebu City",Connecticut,Mauritania,594-996-885,237-999-686,Kling-Olson,leffler.com,"Customer Service Representative",olive,2000-08-09,kendra.abernathy@crooks.com,"(6/\)E$?"
1985ef76-3465-3046-bb57-816d09ac6aa4,Ms.,Ellen,Durgan,"23A/63 Fadel Haven","Osinski Forge",Dagupan,Connecticut,"Brunei Darussalam",009-318-165,198-777-251,Stroman-Schuppe,oconnell.com,"Gaming Manager",fuchsia,2020-06-15,alfonso92@nicolas.biz,"u*4iA""3+oly,NJt"
5b3348d3-7b6e-3772-bff1-9ba6efb1f73b,Ms.,Clarissa,Wunsch,"67A Greenfelder Place","Rodriguez Causeway","Surigao City",Maine,Georgia,840-767-186,836-668-607,Pouros-Hill,crona.biz,Infantry,lime,2009-06-04,carter.jaiden@lang.biz,:8z&QQ]'6eFJ>r]xm!3
164aa112-0fb9-3fdf-bf23-20cb4c5b080f,Mrs.,Cecelia,Jakubowski,"13 Upton Bypass","Strosin Heights",Manila,"Rhode Island","Cote d'Ivoire",437-660-746,594-107-515,"Koelpin, Koss and Wehner",ullrich.com,"House Cleaner",black,1976-12-03,lwatsica@mcglynn.com,p}-`GCA
023f9c02-e008-3690-a009-d2395d93dae4,Mr.,Maxime,Ratke,"88/64 Strosin Shore Apt. 705","Stiedemann Bridge","Cagayan de Oro",Arkansas,Reunion,511-929-090,544-420-011,Larkin-Gaylord,watsica.org,"Mechanical Equipment Sales Representative",maroon,2008-03-14,vcummings@gmail.com,47LJZ%&:
eb2f849b-5609-378e-8258-5b9190ac1361,Mr.,Cameron,Durgan,"78A Predovic Coves","Rolfson Cape",Toledo,Massachusetts,Albania,399-080-370,883-279-175,King-Pollich,orn.com,Dentist,aqua,1995-08-25,xemmerich@gmail.com,eE3X@Fvj0|>-YRTgN
c5ffb28b-2ee6-373e-b447-827d95ca986e,Miss,Noemi,Jacobs,"34A Gleason Fields Apt. 678","Mueller Plaza","Cagayan de Oro","West Virginia",Guinea,705-568-848,603-397-508,"Luettgen Inc",emmerich.info,"Marine Oiler",silver,1970-12-07,clarissa.terry@bartoletti.info,l{nan5Tg7l[g3?^
9f194809-f931-34ab-930d-c6be7e363297,Mr.,Kyler,Hoeger,"47A/66 Altenwerth Estates","Boyle Underpass",Lucena,Pennsylvania,Cameroon,658-483-187,288-573-935,"Hettinger, Welch and Moen",oconner.net,"Architectural Drafter OR Civil Drafter",navy,1996-02-18,frederik43@rosenbaum.info,H^6?dRfn~>
e9af15b6-4da2-3bf0-958d-d8207cd0d795,Prof.,Mona,Wyman,"66A Wilderman Parks Apt. 640","Reynolds Canyon","Quezon City",Hawaii,"Sierra Leone",151-392-892,593-274-524,"Frami, Bashirian and Murphy",hoeger.com,"Wholesale Buyer",green,2020-12-01,tbogisich@hotmail.com,%b*'5M4:k7dJswYI(LC8
b92d4a27-ea83-3bc3-ab95-ae09f3b5e6b0,Mr.,Paxton,Buckridge,"17A Jast Fords","Graham Square",Mati,Kentucky,"Antarctica (the territory South of 60 deg S)",801-455-959,894-164-638,"Yundt, Kohler and Skiles",schaden.com,"Massage Therapist",lime,1970-12-16,moshe.padberg@yahoo.com,";:&n[_,seZNr?"
43a574c9-c740-363c-91f0-316f7c4f38f6,Miss,Roy,Wehner,"86A Eichmann Pines Apt. 411","O'Keefe Gateway",Navotas,Massachusetts,Zimbabwe,524-991-956,791-492-859,Rippin-Daugherty,pouros.com,"Medical Transcriptionist",purple,1993-02-20,kian.smitham@yahoo.com,We9N1rDRlx<
1b10682a-6a7d-3b94-a4f4-9424a12836db,Mr.,Juana,Weissnat,"68/30 Parker Stream","Cassin Bypass",Tayabas,Kentucky,"Sierra Leone",356-397-338,702-908-723,Williamson-Witting,grimes.com,"Receptionist and Information Clerk",silver,2015-03-18,jbradtke@terry.com,{=kHpe
6cd6e335-5361-3c8e-aeb1-26c9f0546138,Dr.,Josh,Bayer,"17/69 Kozey Flat Apt. 207","Abernathy Tunnel",Tabuk,Vermont,Canada,871-562-016,408-385-700,"Predovic Group",torp.biz,Machinist,olive,2006-03-18,purdy.leila@gmail.com,"VA*z[#_.""%Tev{gI9}X"
4d5be25b-d42e-32f0-9830-2fa247cd0f64,Prof.,Lou,Bednar,"18/49 Abshire Junction","Heller Landing",Meycauayan,Virginia,Palau,368-813-889,297-278-692,"Brown, Breitenberg and Simonis",frami.com,"Biological Technician",silver,1983-05-30,sarai69@hotmail.com,"#);1w,mhRN4}Z|ZPly51"
3b6f1d20-b958-3a2d-90d8-f623894c85e4,Dr.,Laverne,Cremin,"87A/02 Lind Glen","Fahey Bridge",Marikina,Massachusetts,Spain,960-577-667,729-600-403,"Robel Ltd",marvin.info,"Self-Enrichment Education Teacher",green,2023-02-15,hassan78@beier.com,}CVum$DFc*g08Jzlv
dcb3e13d-9a8c-373d-8bed-4bdb4c5a49ec,Dr.,Maxime,O'Hara,"64 Hirthe River","Reynolds Drives",Bago,Kentucky,Gabon,172-921-509,416-435-097,"O'Reilly Group",schaden.info,Teacher,olive,1989-06-05,leuschke.kathleen@hotmail.com,E.P_:{WGdUJu
697c9688-4899-3e31-8691-166c5921b5d7,Prof.,Anastacio,Hill,"57A/46 Witting Crossroad","Schoen Ramp",Marikina,Oklahoma,"British Indian Ocean Territory (Chagos Archipelago)",068-118-509,316-436-944,"Lowe Ltd",renner.com,"Brazing Machine Operator",silver,1986-01-15,elliot31@kunze.net,"D[YV\ZK@'{&7'Pl"
0eac12b1-c43f-3c47-b0b4-ef6133042411,Prof.,Tobin,Kessler,"44 Larkin Isle","Heidenreich Union",Urdaneta,Virginia,Nauru,828-325-398,479-406-368,Wilkinson-Rosenbaum,ziemann.com,"Night Security Guard",white,2021-03-18,dax.balistreri@yahoo.com,"dqZL<""o4seC4@vXDZ"
48ddc9a8-e87b-328c-9135-e0ea32c6f828,Miss,Abelardo,Pfeffer,"12A/40 Reichert Drives Apt. 013","Schamberger Overpass","Cavite City",Minnesota,Tunisia,796-396-238,247-498-816,"Simonis, Murray and Green",dickens.com,"Crossing Guard",blue,1980-06-07,yrunolfsson@hotmail.com,8n{R(Y;D+Zv'
53848224-361c-3e4e-8484-77fbffced320,Dr.,Rosa,Conroy,"03A/61 Kilback Junctions Apt. 769","Hoppe Vista",Calamba,Connecticut,"Antigua and Barbuda",588-604-435,131-747-264,Nader-Farrell,rice.net,"Material Movers",gray,1975-06-05,quitzon.lavada@leffler.com,"dtws/:/H9$,U"
e2aeeed9-2a5b-39fe-bff8-e4a6654e2fe9,Ms.,Jazmin,Vandervort,"91A Boehm Orchard","Kunde Burgs",Catbalogan,Ohio,"Hong Kong",696-354-325,135-983-588,"Heidenreich, Hand and Wilkinson",mohr.com,"Mechanical Engineering Technician",olive,2017-03-09,whirthe@kemmer.com,_L'ww2nB[`f@mM/I
bb373662-c82f-3a82-a23c-c69316795e12,Prof.,Imelda,Runte,"56 Mante Walk Apt. 095","Morissette Freeway",Samal,Texas,Pakistan,365-753-455,908-601-078,"McLaughlin, Sawayn and Reichel",gaylord.com,"Fiberglass Laminator and Fabricator",fuchsia,1994-04-24,billy.bradtke@yahoo.com,"TN/7]8\.1~"
cc5a441e-0ed5-3f38-b14d-a2a71f1471f8,Mrs.,Beth,Yundt,"23A/48 McDermott Keys","Kling Plaza","Santa Rosa",Mississippi,Sweden,753-769-239,156-863-792,"Stracke LLC",labadie.com,"Agricultural Worker",purple,1993-03-20,mack.ratke@hotmail.com,"!P~lSaQ""Rj5#_kw\r"
be420b5e-882d-3fa2-9a13-a291442bb8aa,Prof.,Twila,Ferry,"48 Schaefer Causeway","Sipes Mall",Baybay,"New York",Germany,949-601-893,494-523-168,"Jaskolski Ltd",moen.com,Biologist,yellow,1995-09-09,pfannerstill.donna@dach.com,]0m7:@
77026306-9e21-3683-9eda-cf6614c7b9dc,Mrs.,Hayden,Kunde,"39A Thiel Path","Cruickshank Causeway",Calamba,Georgia,Panama,334-761-159,302-316-557,"Farrell and Sons",mertz.com,"Preschool Teacher",gray,2019-01-20,maggio.hildegard@zemlak.net,"R""{f2Ukd?8O-1.tw"
109a31ec-9acd-3241-a86e-1cac538b1d86,Ms.,Caroline,Reichel,"72/26 Marquardt Plains","Block Gardens","San Pedro",Florida,Iraq,082-402-015,693-690-992,Lesch-Littel,connelly.org,"Welding Machine Operator",teal,1977-10-15,kcollier@hotmail.com,/>GG}BgfX0bxRMOzEZ/]
0c5713e1-2e98-3a24-a2be-550ac83c3a61,Mr.,Adan,Koepp,"74 Rutherford Ridge Suite 314","Howe Locks",Muntinlupa,Louisiana,Austria,568-974-433,095-589-312,"Schaefer, Murphy and VonRueden",schaefer.biz,"Molding Machine Operator",navy,1984-03-15,grimes.walton@collier.net,#CJYlK
c749c3c6-9f24-3adb-843b-688caa9761b4,Miss,Alva,Farrell,"89/76 Goodwin Expressway","Fay Court",Bais,Arkansas,"Puerto Rico",604-322-762,669-631-792,Klein-Schulist,hirthe.com,Brazer,aqua,1979-10-13,ole45@hotmail.com,"f3)$Mugt@On]c\_s$^HN"
2c700d10-8172-3391-926c-493bfc7e7051,Mrs.,Marley,Bernhard,"39A Walsh Station","McKenzie Mall",Lipa,Arizona,Congo,524-360-707,599-928-196,"Runolfsdottir LLC",roob.com,"Hand Sewer",gray,2009-05-30,obahringer@gmail.com,"N.d*KT4]([,i"
b58bd530-9cec-3f40-9375-ff1c282622db,Miss,Heidi,Kilback,"00A Daniel Circles Apt. 972","Kuhlman Trafficway",Marawi,Tennessee,"Sierra Leone",962-314-586,853-221-875,Spencer-Gulgowski,west.net,"Power Distributors OR Dispatcher",purple,1973-05-01,cummerata.fabian@hotmail.com,pZC.<?>>gUR&0]mY
34b1caa3-16f7-3ca2-9a0d-1cff91268acb,Ms.,Lottie,Cruickshank,"46A Schinner Canyon","Russel Valley",Dipolog,"District of Columbia","French Southern Territories",416-992-251,611-230-943,Block-Waelchi,smith.net,"Food Servers",fuchsia,1980-01-26,timmothy.pouros@emmerich.biz,"Y_t@""XVT$ra.r("
fdb9d8f8-f547-369a-9106-b30e917f6cec,Dr.,Vincent,Lakin,"89/65 Runolfsson Gateway Suite 915","Hermann Viaduct","San Juan",Hawaii,Uruguay,592-421-238,675-065-713,"Erdman Group",barrows.net,"Protective Service Worker",blue,2013-01-10,mueller.celia@hotmail.com,"CqM\eOB`c,,X?"
ef2e7047-23c0-3a7a-8bf4-b4861eee7dc7,Mrs.,Donny,O'Keefe,"27 Frami Trafficway Apt. 391","Schaden Haven",Cauayan,Illinois,Aruba,358-607-698,420-186-557,Schmitt-Ankunding,okeefe.com,"Office Machine and Cash Register Servicer",lime,2014-06-03,jameson.boehm@hotmail.com,>w&y:p*e.)h9GFJLS
7cc39505-2182-3e81-b6bd-cf4c320f93ce,Mr.,Wilber,Rowe,"24A Carter Summit","Jakubowski Ramp",Tagaytay,Indiana,"Costa Rica",838-966-362,108-081-639,"Quitzon, Bernhard and Barton",morissette.com,"Agricultural Worker",yellow,2003-01-17,rubye.donnelly@mosciski.com,%m9qnA@aqnISKP{oNFT
5743530f-89e8-30bb-9686-a9d181cdebd6,Prof.,Pearline,Konopelski,"90A Fay Landing","Crooks Well",Tanjay,Hawaii,Bermuda,777-511-463,472-285-351,O'Keefe-Doyle,daniel.com,"Correctional Officer",aqua,1988-05-23,zakary.quitzon@nienow.com,"C\@CxapQ\=1B7"
883cd951-ddb8-3174-af0c-71a01c5aa1dd,Ms.,Stephania,Mills,"84/85 Senger Radial Suite 924","Waelchi Cliff",Bago,"North Dakota",Dominica,900-176-544,245-928-158,Maggio-Hintz,veum.com,"Motor Vehicle Operator",navy,2023-06-29,eldon.steuber@hotmail.com,"D$""!mAolU"
2b1c60a7-6614-3f8d-8ad8-cfd0dd26ea66,Dr.,Zachary,Leuschke,"61A/06 Collier Springs Apt. 192","O'Kon Orchard",Cabadbaran,Georgia,Honduras,388-675-086,216-113-073,Labadie-Hudson,langworth.com,"Environmental Science Technician",silver,2017-02-19,nicola75@daugherty.com,eO#%d'3Q-yF~^q
8d88dac9-05d5-3907-a5ff-3c55f146946c,Prof.,Sammy,Buckridge,"81A/01 Will Highway Apt. 265","Johns Avenue",Gingoog,"South Dakota",Ecuador,363-754-767,711-237-751,"Farrell Group",dubuque.info,"Military Officer",silver,2018-11-24,ydamore@mayer.com,"{*I$*$\"Xpg,"
5eed0279-2b18-38b5-9920-2f33579af242,Miss,Jackson,Schmeler,"79/42 Leannon Falls","Lowe Junctions",Mandaue,Oregon,Singapore,726-579-101,516-526-027,"Rowe, Stroman and Schulist",kassulke.net,Audiologist,blue,1991-08-20,mcole@gmail.com,",Ym?fLRG2t<scgnm"
9351f295-af38-3fb2-b1bb-906225bf5d59,Prof.,Garrison,Raynor,"66A Lubowitz Estates","White River",Bago,Connecticut,Ethiopia,629-674-441,450-476-542,"Kassulke, Tromp and Blanda",oberbrunner.biz,Brickmason,blue,1989-12-04,hgutkowski@denesik.net,|Kcuk_OV^fQI)rsM
b91c96ce-4536-3332-8ac0-a1d42a94286a,Mrs.,Gage,Little,"34A/00 Gusikowski Ferry","Stehr Greens","San Pedro",Illinois,Palau,208-776-733,691-274-279,Morar-Rowe,vandervort.net,Platemaker,olive,2015-04-20,greta13@gmail.com,j6xuhTHl%RFT@_q(R
80b9ec28-83c5-35ba-a101-dcc30a5062c0,Prof.,Kali,Walsh,"99 Daugherty Shoal","Boyle Valley","San Jose del Monte",Kansas,Aruba,086-924-044,644-717-411,"Koss, Crist and Murray",hackett.info,"Product Management Leader",olive,1989-03-15,daniel.murphy@daniel.info,OB7Z(/%Vu
38b0014e-8e29-3853-91cf-ac76568e5e7c,Prof.,Natalia,Langosh,"93A Monahan Bridge Suite 497","Murray Villages",Digos,Florida,Palau,630-431-485,303-365-869,"Zemlak LLC",mclaughlin.com,"Percussion Instrument Repairer",yellow,1989-09-12,vlarson@schneider.info,muas$[u
40c63828-e6ed-3166-abf1-75cc02a40c26,Prof.,Joel,Kirlin,"48/91 Greenholt Ridge","Dicki Divide","Puerto Princesa",Arkansas,Montserrat,859-346-566,935-726-960,Harber-Hettinger,jacobs.net,"Business Development Manager",black,1985-10-24,tatyana42@okon.com,m$!5NcKB1jY7j(E[iUWr
e8c55a87-eada-3c05-8bb3-2da573920dd4,Prof.,Kamren,Huel,"22A Beier Estate Suite 055","Bernier Land",Dasmariñas,Montana,"Falkland Islands (Malvinas)",625-983-026,127-290-085,Luettgen-Bins,stracke.com,"Rail Car Repairer",maroon,1974-11-01,eunice.buckridge@hotmail.com,CNyf118ou:/PqZ|v
a52fda65-2e28-3ac9-8179-8650c009e8b7,Dr.,Evangeline,Shields,"02A O'Conner Crossing Apt. 880","Mraz Road",Calamba,Nevada,"Sierra Leone",253-128-890,446-247-432,"Blanda PLC",anderson.com,"Purchasing Agent",navy,2010-08-23,wroob@gmail.com,]x)mewB
f4c52ca0-989a-39a8-a360-a590694bbd4e,Mr.,Jamel,Abbott,"85A/23 Schulist Canyon Apt. 243","Marquardt Rapids","Las Piñas",Alaska,Korea,176-784-324,285-876-406,"Moen and Sons",paucek.biz,"Plant and System Operator",purple,2007-02-05,elias03@hotmail.com,"Zac""&6"
50870c94-5478-38e5-a153-1949194bc042,Miss,Earnestine,Crooks,"13A Strosin Stream","Collier Isle",Bacoor,Arkansas,Congo,931-020-180,009-278-154,"Moore, Huel and Crona",nolan.net,"Computer-Controlled Machine Tool Operator",blue,2006-08-19,barrows.heath@green.com,cN;RA%ev=|PiTf)if~
a75f707b-d205-3711-87bb-58f10abee319,Ms.,Leonard,Heidenreich,"72A Lebsack Crescent Apt. 060","Stokes Unions",Bislig,"New York",Jamaica,208-926-124,873-385-145,"Hoppe Ltd",ortiz.com,"Licensing Examiner and Inspector",blue,1992-06-06,martine.mosciski@wehner.com,".a4}|"""
e4339aa0-f6c8-3761-8664-9bbb31e8b3fa,Prof.,Craig,Douglas,"09A Leuschke Forest","Jacobi Harbors",Koronadal,"New Jersey","Saint Helena",993-562-473,651-241-465,Daniel-Zieme,romaguera.net,"Funeral Attendant",blue,1982-11-13,heidi.barrows@gmail.com,"""/4<X<"""
96bb83a0-34db-31e9-99ae-0fb73f8ada7f,Prof.,Alicia,Hilpert,"36/78 Grant Junction","Dickens Plain",Ilagan,Connecticut,India,472-623-271,076-899-416,Upton-Blanda,aufderhar.com,"Title Examiner",purple,1988-08-31,nicolette41@oconner.org,0I4'X6~U7^
05ce0298-0d69-320f-b77c-efae2d482fcb,Dr.,Veronica,Bartoletti,"98/38 Hackett Point Apt. 238","Howe Camp","San Carlos",Utah,Madagascar,099-016-300,689-047-057,"Gibson Inc",wilderman.info,"Computer Scientist",green,2003-06-23,maverick.hilpert@gmail.com,"U:-q<-,D1&7~"
f19f7e1b-f7d6-3269-9f0d-53c17bb1bd1f,Ms.,Brant,Donnelly,"32A Bashirian Cape Suite 356","Skiles Neck",Borongan,Delaware,Venezuela,321-665-395,637-205-666,"Kiehn, Wintheiser and West",ankunding.org,"Ship Carpenter and Joiner",fuchsia,2007-12-08,bernhard.aiyana@homenick.info,9r$]z*
726b9d6c-e5f4-36bc-979c-fa881b4087f5,Mr.,Gracie,Weber,"23/68 Gutmann Estates","Marvin Port","Tarlac City",Idaho,Belarus,545-789-361,902-946-718,Bernier-Runolfsson,wyman.info,"Substation Maintenance",white,1996-01-03,marquardt.berenice@yahoo.com,"VM>@^!c=:EY,"
b28670df-7a60-3065-a7da-ac44f96bece9,Prof.,Shawna,Kling,"91/86 D'Amore Ferry Apt. 613","Hill Mission",Ormoc,Kansas,"Antigua and Barbuda",314-762-975,535-999-403,"Ebert, Schaden and Upton",schuster.com,"Fast Food Cook",teal,1993-03-10,vjenkins@yahoo.com,n`#|@DYn9g'QSw+4yt
5cad04e6-17ca-3cc9-ae69-ef639a04014c,Prof.,Mabelle,Waters,"86 Gerlach Grove","Roob Station","San Jose",Montana,"Saint Vincent and the Grenadines",761-653-670,193-767-511,"Daugherty Ltd",konopelski.org,Stonemason,purple,1995-05-03,mikel63@gmail.com,CB=H5I8Mi.-^9Fk2R~$
b386d6e6-bcc1-3a42-a7a4-4601393ebb54,Mrs.,Queen,Yundt,"29A Schiller Expressway","Spinka Station",Tandag,Colorado,Slovenia,546-048-591,766-156-085,"Schoen Inc",schowalter.com,Electrotyper,gray,2020-06-03,qkuhn@lang.com,"(,ryrokMcW`]_]Dl@o4"
42dbdad1-b410-3c62-88f0-6bf278af407f,Mr.,Merle,Kassulke,"91A Hammes Mission","Zboncak Burg",Angeles,Mississippi,Kenya,433-209-670,779-929-172,Dietrich-Gleason,olson.net,Musician,blue,1984-04-25,octavia02@ruecker.com,{-'?<++
c0c27b9c-2ab9-3e41-bb5a-58a25872b1fb,Dr.,Braxton,Powlowski,"73/60 Conroy Road Apt. 519","Bradtke Walks",Biñan,Hawaii,"Brunei Darussalam",255-301-962,006-235-278,"Harris, Herzog and Strosin",swift.com,"Armored Assault Vehicle Crew Member",teal,2010-08-15,vergie87@yahoo.com,?(xF~B<|]0e?(si:{$
afb02d1c-25e3-3a5f-8320-7681be27229a,Mr.,Cleta,Graham,"60 Hartmann Crossing Apt. 733","Koch Crossing","Cagayan de Oro",Idaho,"French Polynesia",970-988-551,146-518-681,Rice-Nader,swift.com,"Airframe Mechanic",gray,2009-01-31,misael41@hills.com,dps/.-NiT6-o
d64b3b3e-04b4-3c42-b927-17b4389b0c3b,Prof.,Theron,Murazik,"50A Kuphal Place Apt. 934","Frami Ferry",Ormoc,Louisiana,Guyana,999-590-174,221-851-123,Herman-Hermann,mayer.com,"Broadcast Technician",fuchsia,1970-10-09,mcremin@stark.com,]Z'^);($L|'S%EL
a14469ad-5071-3b7c-9a17-71b2be259522,Prof.,Clifton,Hill,"79 Volkman Crescent","Harber Dam","Batangas City",Indiana,Norway,863-689-295,818-750-981,"Spencer, Barton and Hagenes",gaylord.com,"Marriage and Family Therapist",silver,2007-03-05,ivory.stiedemann@hotmail.com,(c=}'@#{<y*!/l
5e2d4e14-c882-363f-b64c-3ed09f86ea75,Mr.,Zackary,Stanton,"53A Cole Summit","Denesik Springs",Ozamiz,Kansas,"Cote d'Ivoire",330-956-385,229-442-864,"Bartell Inc",bauch.net,"Woodworking Machine Operator",navy,1979-09-17,reinger.eula@block.biz,evTogb
4bb4d12c-7da4-3acc-9719-48f79a27e897,Mrs.,Cora,Gibson,"15/26 Roob Ford","Olson Bypass",Legazpi,Florida,Bahamas,040-720-258,988-903-615,Emmerich-Auer,gottlieb.com,"Mechanical Inspector",aqua,1973-10-19,ethelyn03@gmail.com,[effbLZz3soDuJ'&1
13d685b6-c9f1-34f6-8b14-045e7b1a0280,Prof.,Elmira,Dickinson,"98/42 Nitzsche Locks Suite 672","Cassin Courts",Tagaytay,Florida,"Netherlands Antilles",987-127-015,965-944-562,Brown-Hoeger,jast.net,"Criminal Investigator",maroon,1991-02-20,payton.kuhn@yahoo.com,a1Vvr99KO]we<X?
d8d280d9-0958-34be-bf34-2baeccb89635,Mrs.,Thomas,Ondricka,"15A Leuschke Flats Apt. 084","Heidenreich Club","San Pedro",Alabama,Tonga,917-546-805,038-193-062,"Hudson Ltd",luettgen.com,Patternmaker,blue,2013-12-28,chad08@hotmail.com,ibJR.gX{qm
ae0a76e6-568f-3638-bb38-77696b384807,Miss,Alanis,Lynch,"23 Schuppe Well","Johnston Crescent",Caloocan,"North Carolina",Ethiopia,594-680-794,753-304-320,"Johnston, Crist and Jaskolski",reilly.info,TSA,purple,1989-01-06,baby.okuneva@gmail.com,2v8%`O^K
7fd16d47-03f5-3933-860b-fb76010356c4,Mrs.,Luz,Leannon,"23 Mertz Walk","Koss Place",Calamba,Mississippi,Canada,324-717-670,305-827-060,Mosciski-Wisozk,greenholt.info,Home,navy,2010-04-20,pkessler@hotmail.com,"""zET1gN'j92<gi:3@}"
c54407b8-0c21-31a9-8fcf-80f3c816f30e,Dr.,Casper,Conn,"64 Heidenreich Mountains","Hagenes Keys",Makati,"South Dakota",Bolivia,022-718-130,087-644-362,Monahan-Wisoky,grady.com,"Textile Knitting Machine Operator",white,1973-06-12,lexus34@doyle.com,Vi(Bmk~:GJ
23d608b5-7e18-322a-8c7f-f8af07676575,Ms.,Milford,Koelpin,"98A Schuppe Falls","Casper Brooks","Tarlac City",Washington,Italy,824-305-281,348-163-513,Durgan-Murazik,halvorson.com,"Industrial Engineer",white,2007-11-06,demond44@yahoo.com,"rh:}""py"
3befc085-0b61-311d-8fe7-0b7956164d5d,Dr.,Melba,Hills,"73 Moore Loaf","Heller Drive","Quezon City",Tennessee,Angola,283-222-073,222-985-578,"Jenkins, Wunsch and Orn",mcdermott.com,Mathematician,black,1987-05-02,dashawn72@yahoo.com,"Z%*3=u1P>&;-.<-lp@f"""
56a0bd7e-b124-39b7-a125-e0c02e64cdba,Miss,Mina,Ryan,"56/62 Roberts Ridges Suite 331","Crona Drive",Tabaco,Arkansas,Sweden,806-628-123,492-318-198,Johnston-Weissnat,mckenzie.com,"Production Planner",maroon,1997-07-26,larissa.gutmann@hotmail.com,t/x!/$
e5ba78b4-68f2-3c92-baff-466b760ff44c,Mr.,Myrtle,Lubowitz,"80A/80 Dicki Manor Suite 467","Jacobson Curve",Valenzuela,Nevada,Madagascar,885-461-067,574-768-247,"McKenzie LLC",klein.com,Librarian,maroon,2005-06-06,gmorar@hotmail.com,"WG6inP^ws3$_[6!ex,Bc"
f325db35-cbae-3cab-bd95-96633562a939,Mrs.,Alessandra,Bogisich,"48/66 Prosacco Springs","Orn Overpass",Tayabas,Florida,"British Indian Ocean Territory (Chagos Archipelago)",113-935-583,536-950-111,Willms-Mitchell,ankunding.biz,"Environmental Engineer",navy,2009-12-02,clementine00@hotmail.com,.!iR^*/C79l
667e0daf-ffd2-31cf-9717-e6f56dda107c,Mrs.,Pearline,Gusikowski,"78A/96 Hermann River","Funk Shore",Cauayan,Washington,Cuba,189-658-207,668-459-221,"Bahringer and Sons",runolfsson.biz,"Radiologic Technician",white,2018-03-12,ellen64@konopelski.com,qe3GGy6`7y~'A:H69
62c10c5e-e9ba-3c74-b0ef-09dc769077d0,Miss,Jesse,Bruen,"31/64 Halvorson Villages","Senger Land",Tabuk,California,Hungary,085-548-485,782-995-848,"Lindgren Inc",torphy.net,"Personal Care Worker",blue,1981-11-04,gaylord.raquel@hotmail.com,"]$""+R`SvAHg;WdPRV"
e3128257-8e77-39f2-9aca-32f9da3d1931,Ms.,Wallace,Brakus,"96A/94 Hane Rapids","Schinner Mountain",Oroquieta,Maryland,Andorra,123-437-230,204-319-561,Schmeler-Thiel,ratke.com,"Petroleum Pump System Operator",gray,2005-01-26,wkutch@smitham.net,e#~w1pjHO(9w<zv;(56
344bd2e6-9535-3c31-924e-6da3f1d85bff,Dr.,Citlalli,McGlynn,"94A/58 Kertzmann Path","Gutmann Way","Cotabato City",Missouri,Liechtenstein,616-893-705,030-406-334,"Lueilwitz, Howell and Koch",olson.com,"Medical Transcriptionist",black,1981-04-15,swift.deion@tremblay.org,"~zHu]~@{P=:.{hhd\OFv"
08c34536-6bab-355e-9a6a-7a7c81c34ac4,Miss,Nicole,Grant,"59A/91 Hermiston Branch Suite 830","Fay Fall",Bislig,"New Hampshire","Dominican Republic",178-085-415,433-773-068,"Daugherty, Howe and Flatley",maggio.info,"Health Practitioner",aqua,1995-10-12,brianne51@yahoo.com,1jY9aBbf
346f7b86-f5b8-3257-88b5-7559aecad70d,Mr.,Aimee,Torp,"71A/56 Boehm Well Suite 604","Brakus Mills",Mandaue,"New Mexico",Djibouti,425-184-347,348-459-328,"Stiedemann, Bahringer and Hudson",lynch.com,"Electronics Engineering Technician",green,2015-01-16,jordy00@gmail.com,6uDzTI9v#vo#
4299b2ee-bb47-3e7d-a06b-8d4089e7fd21,Prof.,Hailey,Schowalter,"05A/63 Ankunding Wells Suite 574","Ziemann Overpass",Calamba,"New Jersey",Belize,121-733-977,901-981-208,"Stanton LLC",bailey.info,"Mechanical Drafter",teal,1971-12-31,beer.wilton@herzog.info,ak~zM'Y60
3d6e0d81-8b0f-3e36-a578-1ae52771fa57,Miss,Riley,Oberbrunner,"31A Jaskolski Flat Suite 771","Baumbach Roads",Malolos,Indiana,Argentina,988-394-493,916-336-944,"Nienow Inc",corkery.com,"Fashion Model",aqua,1997-06-18,bshields@bahringer.com,"\2\J(a+=_"
86900837-3aae-3518-ab0e-776568cf2e1e,Mr.,Hannah,Schulist,"21/89 Jacobi Island Suite 967","Grant Mill",Muntinlupa,Utah,Tajikistan,081-955-222,195-050-647,Quitzon-Fay,hills.org,"Glass Blower",silver,2001-04-19,hubert.cormier@yahoo.com,"|gZFD`%JtL\w:Ulp"
74413aa1-ac36-3083-aee6-e138ac9cba2c,Mr.,Lucienne,Hamill,"78 Walsh Station Suite 935","Bins Mountain",Samal,Nebraska,Anguilla,422-422-716,538-070-341,"Kuphal, Witting and Russel",herman.net,Plumber,blue,2001-08-17,adele31@yahoo.com,OGu&.QR3Ga#E
180f8bf6-7eb4-3475-9394-9261608ee9e0,Dr.,Twila,Schaefer,"94A Effertz Island Suite 478","Rutherford Shoals",Gapan,Alabama,Paraguay,707-579-686,364-141-797,Heathcote-Zieme,upton.com,"Fashion Model",purple,1970-10-07,martin28@langworth.info,cl.ELD7OS&R(3
750d4f23-696d-3206-82e1-624adc248f9f,Ms.,Alisha,Hane,"45 Schmitt Walk","Kuhn Views",Malolos,Mississippi,"French Polynesia",735-876-255,520-224-205,"Donnelly, Klein and Mante",gottlieb.net,"Fabric Mender",silver,1970-09-27,kunze.gerda@hotmail.com,*EzProgOlM1#blbU
a582d624-783c-3fe6-b9b9-6fe5ebee33dd,Dr.,Kristoffer,Carroll,"72/99 Brakus Island Suite 533","Hauck Expressway",Sagay,Wyoming,Eritrea,400-705-271,312-049-954,Rohan-Wilkinson,sawayn.com,"Psychiatric Aide",silver,2009-09-07,jedidiah.hill@hotmail.com,"`""ak7jt`rhny2"
d9378ceb-9910-39b4-8d02-72816b5f40dc,Dr.,Lue,Thiel,"53 Jast Mews Suite 599","Grant Squares","Cebu City",Missouri,Turkey,573-807-019,878-076-547,Ankunding-Dach,homenick.com,"Optical Instrument Assembler",lime,1993-06-10,bschmeler@abernathy.net,1-J<j[9`mh>g(C
e3e5c042-9a28-3687-a757-bd62ea82d309,Mr.,Dortha,Boehm,"79A/24 Lind Roads Suite 099","Boehm Streets",Pagadian,Alaska,Singapore,294-199-093,564-491-660,"Grimes, Krajcik and McClure",weimann.com,"Teacher Assistant",blue,1991-04-10,breanne.hauck@gmail.com,@{Ca@leU-3ZS
b94fc9dd-3d20-3bd6-9e4d-1d3866833e0d,Mr.,Freida,Jenkins,"35/15 Ullrich Row","Feest Trafficway","San Jose",Iowa,"United Arab Emirates",710-202-022,852-650-532,Reinger-Bernhard,kiehn.com,"Building Inspector",white,1975-08-11,omer.spencer@gmail.com,"a1(~oI~%,eWZGg"
9cfdfd21-2dab-383a-b931-7fc0c931d242,Mrs.,Colin,Glover,"72A Schuster Common","Towne Streets","Quezon City","District of Columbia",Cuba,766-651-357,283-858-773,"McCullough, Windler and Haley",lockman.com,"Tax Preparer",silver,2013-12-27,deshaun.murray@shanahan.com,&.o%;I>Z=YGgO:5s
321e8208-f51e-37a1-9f65-88af213149da,Mrs.,Elyssa,Monahan,"86/72 Heathcote Bridge","Spencer Wells",Talisay,Washington,Suriname,146-607-708,268-641-506,Johns-Schaden,schroeder.biz,"Material Movers",fuchsia,1989-01-25,hickle.halie@borer.com,i-$r]F$&a;$m
4dea5984-8eb2-35af-bbb3-a6e127e54031,Dr.,Dolly,Dicki,"26/53 Feest Plaza Apt. 153","Wuckert Squares","San Pablo","West Virginia","Puerto Rico",035-060-293,604-399-677,"Murray, Fritsch and Yundt",nolan.biz,"Healthcare Support Worker",white,2002-01-24,nbreitenberg@kunze.com,kAuVPZiMZAUsFxb=[=+
7da5118d-a3fd-3fb2-8b6b-0ffcb595f0d7,Dr.,Devante,Simonis,"50/35 Waelchi Extension Suite 628","Kovacek Pass",Imus,"West Virginia",Spain,771-065-751,403-236-268,"Kemmer, Kub and Ferry",schmeler.com,"Pesticide Sprayer",maroon,2012-01-31,stoltenberg.eliezer@hotmail.com,"k[]WewkAV\/eHI3:"
ffce26c6-4cc0-37fe-b21a-a5f5e85e5e0a,Dr.,Kyla,Littel,"91/71 Ward Light Apt. 146","Vandervort Garden",Malolos,Louisiana,Armenia,830-220-465,969-394-601,"Lehner Ltd",mayer.com,"Housekeeping Supervisor",olive,1986-03-26,jaren23@pollich.com,rVPel'znT#mmtR
51509af9-4a8d-332a-ba44-576fdc580b88,Prof.,Meaghan,McClure,"97A Jakubowski Dale Suite 778","Murphy Centers",Passi,"North Carolina","United Kingdom",830-494-762,083-547-654,"Satterfield and Sons",sporer.org,"Industrial Engineering Technician",navy,1996-06-10,whill@gmail.com,]DdV5|.-OWfjU92iwvQJ
c627334f-acae-35d2-bc70-9abca0283e2b,Mr.,Patsy,Carter,"39A Haag Roads Suite 811","Conn Run","General Santos",Delaware,Yemen,240-958-691,118-580-830,"Hagenes PLC",deckow.com,Welder,gray,1994-10-06,luis.skiles@connelly.com,i(7fo*S|aJ
06463092-8b51-36ce-b3e8-b1d82e0765f1,Prof.,Emma,Williamson,"18/90 Bogan Inlet","Shanahan Hill",Naga,Vermont,Denmark,038-221-429,519-884-461,Douglas-Leffler,mckenzie.com,Painter,maroon,1994-08-19,pacocha.augusta@ebert.com,Z/A%E~;A~0>0?LZZoOf
56b2e3de-219f-3361-b61d-985735cfe821,Miss,Fabiola,Rippin,"82/17 Roob Forges Apt. 368","Runolfsdottir Gardens",Kidapawan,Hawaii,Benin,129-013-607,706-810-014,"Lindgren, Osinski and Brekke",reinger.info,"Taxi Drivers and Chauffeur",purple,1991-09-15,pgoodwin@brakus.com,PPLLT>a*
776aa747-0e91-3a70-bb90-5f9596fdcbc8,Mrs.,Jayde,Gislason,"88A/88 Ankunding Run","Wolf Mountain",Mandaluyong,Montana,Gambia,442-940-103,417-739-532,Franecki-Watsica,bins.net,"Plumber OR Pipefitter OR Steamfitter",teal,2019-05-08,vern68@mante.com,}Ptx#yPh^meC|TsJ
a5220943-99f8-3124-b26d-b759989439b7,Ms.,Jonatan,Cruickshank,"50A/21 Lowe Spur","Larkin Via",Valenzuela,Pennsylvania,Pakistan,507-178-945,217-156-835,"Mitchell and Sons",stroman.net,"Psychiatric Aide",silver,2019-08-09,vmurphy@ondricka.com,")1DVJ^zq#Ei'o1-*_!\"
132b5557-a9cd-3644-af73-a117f3f04d62,Mrs.,Trinity,Baumbach,"00A Bins Lodge Apt. 265","Morissette Lock",Catbalogan,Tennessee,Fiji,844-537-487,540-597-105,"Ledner, O'Reilly and Spencer",koepp.biz,"Chemical Equipment Controller",black,1991-09-14,schneider.clemens@yahoo.com,"Aw[g7S`,vX\P<"
3f38ec7f-7f2f-31f7-8605-204ac7c809d7,Dr.,Leila,Braun,"53 Schowalter Place Apt. 798","Williamson Highway",Valencia,Wyoming,"Falkland Islands (Malvinas)",510-479-163,627-700-999,"Sanford, Hintz and Tillman",bergstrom.com,"Construction Carpenter",yellow,2024-01-15,davis.trystan@yahoo.com,:?GOU[M-
59062525-a409-33cd-9c84-499cd25a7db9,Ms.,Chance,Schneider,"74A Jacobs Garden Apt. 870","Rath Haven",Pasig,Georgia,"Sao Tome and Principe",458-067-791,946-382-277,"Wisoky Ltd",barton.com,"Technical Specialist",maroon,1973-04-03,constantin92@hotmail.com,8golFhC-D/j2[SLR1yM
43760771-b6a1-3638-8e8d-96107f5563c1,Prof.,Alysha,Kunde,"84A Blick Vista","Stoltenberg Mill","Cagayan de Oro",Wyoming,Bulgaria,322-677-117,320-004-991,"Raynor and Sons",runte.com,Home,lime,2008-03-13,dion.schuppe@gmail.com,Py/y5FF
42eba43a-b99f-3d3a-97eb-8e92c96a0185,Mrs.,Favian,Konopelski,"46/50 Prohaska Mission Suite 810","Yost Track",Biñan,Wisconsin,Montenegro,269-902-367,642-361-493,Hagenes-Lehner,boehm.org,"Civil Engineer",white,2005-09-17,fritsch.johanna@yahoo.com,oZ~{D-6/24HO^nM
c3770878-6089-393a-8e35-5be8ae980d83,Prof.,Linwood,Dicki,"75/78 Marquardt Skyway","Ernser Port",Calamba,Oregon,Tunisia,754-099-813,264-966-066,Konopelski-Fritsch,pacocha.com,"Postal Service Mail Sorter",blue,2002-08-21,dixie.cronin@hotmail.com,"nxV'>3PngO,qwGeI[jm-"
26a92308-3aba-3989-8400-bb326399bed8,Mr.,Muriel,Bailey,"98/75 Kessler Village","Rosenbaum Mountain",Sagay,"South Carolina",Belize,597-795-469,304-359-714,"Wolff Ltd",runolfsson.com,Veterinarian,aqua,1979-07-30,franecki.mertie@romaguera.org,Oz=cL@=#>`x)zf8g'~27
f5ca8c45-6840-3494-86df-ebb4bd85e0ba,Dr.,Bart,Casper,"80A/19 Gutkowski Lock","Mills Lock",Sagay,Wisconsin,Indonesia,214-250-580,616-364-553,Thompson-Bartell,lesch.com,"Tile Setter OR Marble Setter",green,1988-07-23,nicholas.kovacek@hauck.biz,Kil>9#=
fc9986ed-588c-3eda-848a-d8f9b11c774f,Miss,Winona,Ratke,"68/45 Reinger Key Apt. 667","Funk Crossroad",Himamaylan,Colorado,Togo,527-428-897,945-126-210,Gleichner-Ziemann,heaney.com,"Aircraft Rigging Assembler",navy,1971-07-01,eddie.oconnell@yahoo.com,_V5anh9{#Wlszw!r
94b1edca-ea95-3f26-8fd8-11138a49c95d,Prof.,Lexi,Lynch,"33A/91 Botsford Terrace","Weissnat Villages",Santiago,Indiana,"Western Sahara",901-752-633,590-418-977,Walsh-Lang,rippin.com,"Chemical Plant Operator",olive,2007-02-03,roscoe.daugherty@wiegand.com,w(C*@Wb;+HN
4c894ec4-1e97-3f46-b70b-a8428e74ef9a,Mr.,Werner,Balistreri,"43A/04 Hegmann Stravenue Suite 767","Nicolas Estate",Makati,Colorado,Botswana,163-991-948,181-134-543,Pfannerstill-Hartmann,thompson.info,"Log Grader and Scaler",yellow,1988-01-30,ywolf@hotmail.com,M6i'MGbZ4wE
d589ddf3-a21f-3bda-b3e9-bd4b4c7fa70c,Mr.,Mohammad,Dickens,"53 Welch Parkways Suite 155","Murray Fields",Tacurong,Oklahoma,Dominica,417-041-378,099-774-794,"Bosco Group",paucek.com,"Electrical and Electronics Drafter",maroon,1988-11-08,dejon45@hauck.net,fkXgv~@=$6~*4LZ
71ab5898-e283-3eae-a011-9f19dd8c20b8,Mr.,Daniella,Terry,"51/89 Bahringer Trail Suite 925","Bednar Union",Iriga,Louisiana,Niue,850-058-207,418-012-847,Wiegand-Macejkovic,gusikowski.info,Curator,silver,1971-02-26,thora01@gmail.com,!s%a[V/5VkL3I$C^C
08f7b181-0bcc-3525-a509-ffb0bf0db325,Prof.,Mona,Sipes,"46 Blanda Park Suite 203","Schinner Mews","General Santos","New Hampshire","French Polynesia",798-749-728,507-539-328,"Hodkiewicz, Balistreri and Bechtelar",goldner.com,TSA,green,2020-04-12,willms.john@hotmail.com,kV=wRP<3y~C!YN!Ju
bfff3350-618b-3425-8273-2316656d3a32,Prof.,Phyllis,Jaskolski,"90/92 Nikolaus Junction","Treutel Drive",Marikina,Maine,"Antigua and Barbuda",053-453-365,886-402-584,McClure-Corkery,bauch.net,"Airfield Operations Specialist",yellow,1977-11-19,gustave.murphy@damore.com,5*]x;xn4GW)774P0{y3
3a20c08f-ab1a-3b6a-83fd-6c82efedbd03,Dr.,Earline,McLaughlin,"36A Tremblay Landing","Dicki Center",Tacurong,Connecticut,Aruba,119-115-161,592-970-829,"Bailey, Goldner and Corkery",littel.net,"Armored Assault Vehicle Officer",lime,1992-04-29,laverne.harber@gmail.com,IT$0peY&>72
4f0583de-cdf0-3263-a818-e42f65df1804,Dr.,Seamus,Howell,"22 Cartwright Fort","Lind Inlet",Lipa,Mississippi,Mali,154-291-686,721-903-681,"Wunsch and Sons",ebert.com,"Music Director",yellow,1977-07-11,brady.buckridge@gmail.com,(|=$M.Vc
7f16f0ae-8195-34a8-875d-259b010aa883,Ms.,Oren,Hoeger,"38/36 Kub Mount","Heathcote Road",Bayawan,Indiana,"Cayman Islands",671-566-326,055-594-506,Olson-Robel,hand.com,"Petroleum Pump System Operator",gray,1999-02-15,gerda.johnson@sanford.com,`N}@$i
9bd5aae4-3a13-3fa8-bd84-38dcf327f241,Ms.,Elisabeth,Mohr,"21/11 Gutmann Circles","McLaughlin Route",Bislig,Connecticut,Moldova,484-887-896,176-082-704,Little-Johnson,effertz.org,"Broadcast Technician",aqua,1991-08-02,julianne91@rohan.com,g3JxRWD
c678d7d7-b368-33b2-824f-5952e7b1d3da,Prof.,Brennan,Baumbach,"04A/35 Fritsch Trail","Lynch Throughway","Cavite City",Nevada,"Heard Island and McDonald Islands",937-915-777,134-409-244,Mann-Pacocha,little.com,Orthodontist,purple,1981-11-27,hermina23@cartwright.com,"_:h4{""vmdGPB"
22facf2e-49c6-3fdd-bd75-ae279f5efbe3,Dr.,Doyle,Mohr,"67/49 Hermann Falls Suite 426","Bednar Plains",Tayabas,Missouri,Mexico,691-649-075,667-178-391,"Lynch LLC",gerhold.org,"Highway Maintenance Worker",aqua,2017-07-24,santina.okon@gmail.com,b`pBKM
d0384559-080e-3230-bce1-923557d9bcbc,Prof.,Casandra,Schaefer,"98A Lesch Views Suite 901","Russel Field",Himamaylan,Indiana,Korea,632-712-919,680-343-836,"Koch LLC",schmitt.com,"Homeland Security",blue,1991-01-08,mason.hermiston@moore.org,"a<|Cx,6"
c383fdb5-3381-3c4f-bebc-d3bf3aaafdcf,Miss,Johnathan,Little,"51A Walter Loop","Turner Coves",Bogo,"South Dakota",Iceland,669-946-428,799-617-540,Olson-Fritsch,sipes.com,"Extruding and Drawing Machine Operator",black,1989-10-12,kchamplin@schiller.com,VSF(6DG;~
f7c443e1-d104-3907-8b4d-d496d06aa5d5,Ms.,Tomasa,Tromp,"64A/87 Donnelly Island Suite 710","Mitchell Inlet",Navotas,Maryland,"French Polynesia",482-667-618,413-976-158,"Mosciski Group",jacobi.biz,"Spraying Machine Operator",black,2010-10-31,johnson.brice@goldner.com,b^FJ)/kM
35ab6056-f2ca-37fd-ace1-d3d657c7b396,Ms.,Jaleel,Hansen,"98/23 Johnston Camp Apt. 186","Herman Shoals",Legazpi,California,Brazil,479-891-050,924-025-685,"Kuvalis, Koepp and Beahan",crooks.com,"Stock Clerk",navy,1988-01-13,corbin94@gmail.com,nqwa'sN
6ca05a50-48b4-3ca2-b93b-ec095baa79db,Prof.,Mozelle,Eichmann,"08A/79 Block Fort","Yost Extension",Ozamiz,Kentucky,Samoa,690-119-805,667-410-758,"Wuckert, Bernhard and Lockman",mitchell.com,"Physical Scientist",yellow,1996-05-14,kira.wilkinson@haag.biz,`kt2do)s#rHrR(
775fce52-8d3d-34f5-a61e-2437cf4c1d8f,Dr.,Adell,Gleason,"83 Aufderhar Ridges","Erdman Stravenue","Iloilo City","New Mexico",Macao,598-465-306,584-568-179,"Lind LLC",prohaska.com,"Human Resources Manager",lime,2012-03-28,vgibson@yahoo.com,FPVk5w<i9vT7
4d86984e-2085-3e96-84d7-a572afd1a801,Mrs.,Ebba,Heidenreich,"85/40 Kertzmann Glens","Greenholt Shoal",Kidapawan,Virginia,"El Salvador",301-047-532,990-009-459,"Rowe Group",block.com,"Soil Conservationist",blue,1977-02-18,frami.dayne@yahoo.com,FYP{!5Ros>|6u`13hA
ab571c4f-1d86-307f-943e-fe44cb51887b,Mrs.,Sienna,Effertz,"94/37 Paucek Springs Apt. 429","Hintz Locks",Koronadal,Texas,Guyana,545-365-465,146-030-979,"Leffler, Murray and Gottlieb",stoltenberg.com,Construction,maroon,1983-10-08,rosa23@gmail.com,2UiN|9
fd810a45-a2b0-3d5e-94e9-314b4eaa9743,Mrs.,Everett,Ziemann,"78A Stroman Road Suite 862","McDermott Cliffs","Santa Rosa",California,"Falkland Islands (Malvinas)",830-396-241,732-322-376,"Hickle, Morissette and Bednar",roob.com,"Safety Engineer",purple,1995-05-02,leola.marks@gmail.com,[ZCNpZ67>DLJp[Tj%
a80ffd31-91cb-3156-ba58-9d3736ff9472,Prof.,Brain,Keeling,"41/71 Kuhic Falls","Rohan Meadow","Zamboanga City",California,Aruba,419-702-468,855-398-191,"Kessler, Labadie and Grant",willms.org,"Social Worker",yellow,2004-05-31,judah.gislason@gmail.com,"[M3i~^""NEEBAD|/gK"
72799f8d-9b81-389f-908d-f194ded80e16,Ms.,Damon,Schoen,"74/87 Barrows Plains Suite 799","Hilpert Plains",Malabon,"West Virginia","Palestinian Territories",333-718-550,797-765-641,Hessel-Feeney,oberbrunner.com,"Soil Conservationist",navy,2019-01-22,wledner@hotmail.com,"6b:^G,vvzm_g@"
02141ccb-7b1a-3dd7-8276-3e34b40cfdbb,Prof.,Dianna,Haley,"77A/20 Adams Parks Suite 647","Littel Brook",Tayabas,Washington,Liechtenstein,611-175-451,641-452-629,"Corkery PLC",bayer.com,"Welfare Eligibility Clerk",black,1986-05-22,roderick90@yahoo.com,"l!+U+,$<1i[o"
70a19a9a-1ef5-3c1f-8977-c3f5aa610024,Ms.,Alvena,Kohler,"48 Wiza Square Apt. 610","Reichert Key",Ozamiz,Maine,"Equatorial Guinea",087-346-996,635-471-918,"Welch, Macejkovic and Rau",greenfelder.com,"Welding Machine Tender",fuchsia,1990-09-04,wiza.ayla@yahoo.com,"I1G%k]=}d+O\o"
e574fba2-b13f-35ef-bf4a-ad7b864bb08f,Dr.,Rosalyn,Howe,"68/63 Lebsack Parks Suite 343","Cummerata Camp",Santiago,Texas,Liberia,690-283-906,361-512-079,"Waelchi, Stark and Gleason",koch.com,"Answering Service",yellow,2013-09-30,payton10@hotmail.com,"[2nhyCk&El@:j""f{_v"
3e60e50b-4ff3-3a23-b9e5-9dd3dcfbc5fe,Ms.,Bernard,Morar,"53 Sauer Union Apt. 945","Becker Shoals","Trece Martires",Pennsylvania,"Czech Republic",971-685-498,180-769-544,"Aufderhar, Jenkins and Nader",schneider.info,"Police Identification OR Records Officer",aqua,1993-01-22,afton20@ernser.com,_P6_(~vq7b
49ba7a97-c89b-34b7-ac04-8c4e685806e7,Prof.,Christop,Lang,"67/82 Renner Walks Apt. 143","Conn Drives","San Pedro",Colorado,"Saint Vincent and the Grenadines",422-088-983,560-520-501,"Farrell, Swift and Ritchie",rogahn.net,"Music Director",silver,2014-05-18,howell.clarabelle@adams.net,}i2Rn9EBFa{(Dj
ed28f407-f0d1-35b1-aae0-21004a7fc2b2,Prof.,Geovany,Durgan,"26A/30 DuBuque Cove Suite 519","Keebler Mountain",Mandaluyong,Mississippi,"Saudi Arabia",546-904-282,413-164-174,"Gottlieb, Skiles and Heller",fay.com,Upholsterer,black,1974-11-03,yzemlak@gmail.com,wi7I&Ju$rQoaZjP
7958dc4b-2f49-3d4c-b2db-650f54315cb7,Prof.,Madie,Marks,"29 Osinski Lodge","Botsford Ranch",Meycauayan,Pennsylvania,India,218-764-586,565-450-860,"Lindgren, Davis and Erdman",roob.com,"Computer Operator",yellow,2011-10-13,xdouglas@roberts.com,RvoRZq@3#i4|
e8a075da-7f5f-37cf-8284-c2ca09034085,Miss,Emmanuelle,DuBuque,"93A Emmerich Mountains","Kirlin Underpass",Tacloban,Utah,Tajikistan,118-548-584,314-451-578,"Gleichner Inc",stehr.biz,"Airfield Operations Specialist",white,1982-02-19,orland95@feest.net,bfx/60'd_MoP%`]Oe!
f5506831-9f66-3537-bfdc-573bfdfeb338,Miss,Morgan,Mohr,"65A Stiedemann Mill","Ratke Plain",Tanauan,Oklahoma,Togo,289-956-220,056-782-314,"Stoltenberg Ltd",williamson.com,"Purchasing Manager",olive,2018-07-28,willis08@gmail.com,"M[/,<<7.K"
317f28e9-e7fc-3d45-a5f6-e0feb3790f49,Dr.,Clementine,Konopelski,"23 Kling Pines Apt. 618","Fritsch View","San Juan",Arkansas,"New Caledonia",450-805-670,022-260-342,Yost-Bartoletti,gaylord.com,Brazer,lime,1997-09-17,kwhite@yahoo.com,|tY#FNv5!.s
0a04bde6-81de-3bf4-946e-e945414be8a9,Mrs.,Jaquelin,Bashirian,"88A Thiel Springs Apt. 722","Braun Road",Marawi,Pennsylvania,Hungary,457-265-173,299-459-086,Pfannerstill-Dach,cassin.net,Garment,aqua,2014-05-08,elton.schmidt@heidenreich.com,su1)B1X
f53688a2-3611-3fd3-83d2-d5fd251e9ee4,Prof.,Elenor,Douglas,"30A Littel Flat","Gulgowski Pine",Canlaon,Minnesota,Liberia,752-585-863,337-513-655,"Sipes, Pollich and Rowe",lowe.info,Farmer,green,1974-08-06,sbogisich@yahoo.com,<Kya0</|XPcoLk
499ab152-8856-33f0-a17c-a8c2ec3ba92b,Prof.,Cristian,Ruecker,"47/64 Toy Parks","Smith Roads",Iligan,Hawaii,Burundi,199-364-829,670-935-598,Abbott-Schaefer,stanton.com,"Physical Therapist Aide",navy,2009-12-08,treutel.wilfrid@kassulke.com,Mo>Xc3l_|l
bcc238b9-a8f9-3562-a7fe-b00e7e8d06b6,Dr.,Keenan,Davis,"28/86 Shanahan Flats","Rempel Hills",Lamitan,"New Jersey",Eritrea,352-474-627,442-647-701,Stroman-Watsica,pollich.com,"Pharmacy Technician",teal,1996-10-16,xritchie@gmail.com,4LhL`pl<}-+Z+U@zE
7dbd47c6-6e01-3752-9a9e-318a18681e2e,Prof.,Edwina,Goyette,"29 Bashirian Land Apt. 293","Durgan Creek",Pagadian,Arizona,Anguilla,631-744-979,158-371-376,"Hettinger, West and McLaughlin",reichel.com,"License Clerk",aqua,2000-03-08,dward@thompson.com,/xS1jvcj;z_+4FB
0e9b08da-d883-305f-8618-6fa25fe6eca0,Dr.,Margarett,Donnelly,"89/47 Reinger Square","Haley Squares",Himamaylan,Ohio,Turkmenistan,447-271-708,735-113-966,"O'Connell, Kohler and Becker",cronin.com,Bailiff,purple,1987-06-24,connor.eichmann@grady.com,"U3\C!X043<hyq%Do"
eb9ffd42-6189-394e-b20e-5f6443e2ac15,Dr.,Clementina,Durgan,"69A/00 Volkman Spring Apt. 036","Muller Corners",Antipolo,Kansas,Argentina,101-192-022,255-901-025,"Keeling, Bechtelar and Schulist",feil.org,"Tour Guide",purple,1979-12-25,trantow.josefa@gmail.com,+[IUOb`pmwc6F^7
4d910b3e-9a34-3bf1-8e27-d30c4ccad96e,Ms.,Alta,Kemmer,"14/57 Spencer Trail Apt. 217","Dickens Parkway",Carcar,Texas,"Cook Islands",257-920-493,069-423-747,"Konopelski, McClure and Beatty",johnson.org,Economist,fuchsia,2023-01-08,jrowe@oconner.info,h4XoVWwrs_]PU]:
2b0300ee-f6c2-3227-b8c9-c7bd31e045fc,Ms.,Orval,Will,"24/34 Hauck Cove","Wuckert Harbors",Cadiz,Vermont,Korea,470-896-821,857-413-503,Runolfsdottir-Medhurst,reichert.info,"Physical Therapist Aide",navy,1989-02-25,magdalena.yundt@mckenzie.org,Xn:KT[y2cP5$cC{_-rve
c71a6f05-4033-3c74-8bf3-4b93b40b1042,Dr.,Johann,Mayer,"96A Wolf Station","Hamill Curve",Naga,Oklahoma,Guam,631-616-551,801-165-211,Lind-Frami,mosciski.com,"Administrative Support Supervisors",fuchsia,1985-10-11,waino.nikolaus@yahoo.com,"&&zy,q*,hMYZS+i"
3d3ea936-a728-351f-9f5a-da4a7484e301,Prof.,Gail,Smith,"63/49 Gusikowski Stream Suite 735","Casper Landing",Gapan,Alaska,Spain,787-107-191,276-896-960,Kiehn-Collins,kautzer.com,"Ceiling Tile Installer",teal,1994-08-31,braden.franecki@welch.org,$/W4QQ|aAP
79bf6d2f-f683-3d95-a446-2d58b4d2af9d,Miss,Laurie,Schneider,"11A/15 Grimes Extension","Wunsch Oval",Cabuyao,"Rhode Island",Palau,508-335-036,042-891-413,Jenkins-Price,rippin.com,TSA,gray,1978-12-15,cole83@gmail.com,"gu,W6|Fh!d{*5"
22def791-0e22-3e42-899c-fc8c5c6b83a3,Prof.,Hailey,Fay,"83/74 Rosenbaum Dale","Conroy Valley",Talisay,Delaware,Tanzania,580-676-904,583-510-001,"Stanton Group",gusikowski.com,"Survey Researcher",silver,1993-03-26,katelin42@yahoo.com,"Hl>u3#,tFSQo@hgshS"
ff89152e-e2a0-3220-b210-e12b9d2a8261,Prof.,Aliza,Cartwright,"98 Daugherty Mall","Haag Branch",Biñan,Texas,Australia,013-617-303,481-638-514,Goldner-Hoeger,lynch.net,"Tractor-Trailer Truck Driver",olive,2001-10-20,aubree81@considine.net,"st7vmTR4ylTUJB\2;P"
dcac28a8-aebb-303b-8bda-0e948096340f,Miss,Marcelo,Dare,"37/87 Rolfson Fords Apt. 200","Leannon Oval",Calamba,Michigan,Malawi,027-378-950,232-221-613,Zieme-Bartoletti,abshire.com,"Aircraft Rigging Assembler",teal,2019-10-02,river90@yahoo.com,_WX3&W2
98a0cf69-e279-39f9-ab6f-0b410ad034c3,Dr.,Lenny,Streich,"26A/56 Kassulke Shoal","Towne Run",Iriga,Alabama,Ethiopia,076-423-009,795-859-454,"McCullough Inc",frami.net,"Forensic Investigator",aqua,2019-11-09,jules.wisozk@klein.biz,"*mmMM""stO[-9/=R"
01fe2f4b-e374-334b-9603-d6225e9e78d9,Ms.,Jeremie,Runte,"21A/58 Littel Trace Apt. 416","Cartwright Passage",Naga,Iowa,"Svalbard & Jan Mayen Islands",913-096-427,724-088-906,"Kozey Ltd",kshlerin.info,Archeologist,silver,2001-05-09,isobel.mclaughlin@gutkowski.net,Li`K}_p?.kVKr_VP_
8af25df0-4532-3ac2-aaea-7ceeb3b515b7,Mrs.,Amy,Flatley,"86 Boyer Place","King Land",Marikina,Ohio,"Puerto Rico",304-463-891,192-180-817,Stehr-Spinka,quigley.com,Hydrologist,black,1992-11-01,runolfsson.lionel@beatty.com,"MsM/)/]StF""zgq"
8baf1e52-84c2-3007-acd3-90323a2c7f25,Mrs.,Naomie,Lueilwitz,"67/36 Goyette Point","Weber Dale","Cebu City","New Mexico",Spain,806-618-272,553-613-399,"Walker, Borer and Toy",kuhic.com,"Creative Writer",white,2023-02-01,pat.ferry@hotmail.com,"AB%g\3hNMz'^rxA#"
b32849a6-acbb-3c94-9e5d-969d76281846,Prof.,Shana,Nitzsche,"33A Gutmann Drive Apt. 257","Parisian Hollow",Digos,Alabama,Ethiopia,842-936-477,128-682-324,Jacobson-Wehner,kilback.com,"Restaurant Cook",navy,1998-12-17,humberto.herzog@gmail.com,"CLt.5n/\Tgj"
423394bf-5ade-323f-a9fa-e22a537d509d,Dr.,Magnolia,Shields,"78/74 Kassulke Trail","Quitzon Views",Bago,Florida,Uganda,506-829-697,648-489-421,"Botsford and Sons",gleichner.com,"Packer and Packager",silver,2019-07-21,ifranecki@homenick.com,"Wgj`*4O#\QU7swGxh"
fe3ec915-0dea-38c1-b844-aba0a0ff6546,Mr.,Gerda,Ferry,"10A/47 Mante Underpass Suite 915","Lockman Trail",Tanauan,"South Carolina",Guinea-Bissau,913-657-628,249-217-372,Gutkowski-Thompson,ward.net,"Order Clerk",maroon,2013-03-17,eblick@johnson.com,"""gKTBQE^q"
52fea782-c72d-37fb-84c8-2252dd179222,Dr.,Van,Dickinson,"46 Kozey Orchard","Hyatt Fork",Mandaue,Arkansas,Macao,018-080-408,603-000-574,"Gerhold PLC",ebert.info,Mathematician,lime,1986-01-20,helga.wintheiser@yahoo.com,"y:=A9+qD/$2~qA5\lE"
8614ba2d-08ec-3867-bf59-4c5fe468c6de,Ms.,Leola,Mohr,"65 Kemmer Glen Suite 588","Hyatt Cove",Talisay,"North Dakota","Wallis and Futuna",879-368-842,708-517-620,Hermann-Eichmann,pfannerstill.biz,"Economics Teacher",green,1973-02-26,grant.blanche@gmail.com,"{RYrm-{AK;;yP)M:"""
f232d264-63f6-3771-817c-f6360f0b5c37,Miss,Jaqueline,Dach,"67A Kunze Motorway","Wisoky Harbor",Marawi,Arizona,Kenya,307-000-208,842-557-961,"Smitham, Abbott and Osinski",parker.info,"Mixing and Blending Machine Operator",gray,1988-07-07,jonatan40@yahoo.com,|p(apwhAw8
dfdf3c86-0739-3915-beb2-52344025c6e8,Dr.,Macie,McLaughlin,"38/34 Mills Knolls Apt. 636","Weimann Rest",Escalante,Alabama,Benin,722-249-094,415-447-545,"Konopelski, Quigley and Haley",corkery.com,Pediatricians,blue,2002-04-20,kylee97@zboncak.com,Tz+#=I
c552a7af-dda6-3e6f-9f1a-e4291043a4e1,Ms.,Sabryna,Davis,"77 Nolan Parkway Apt. 516","Cormier Motorway","San Jose del Monte",Virginia,Fiji,423-967-096,595-931-007,Koelpin-Beier,farrell.net,"Refrigeration Mechanic",yellow,1976-12-09,medhurst.toy@bartell.com,"z`P4p,WB8?XW+J|("
3071639d-abe2-3657-a5c2-b2baf9f324f7,Mr.,Rick,Weimann,"24A/76 Volkman Ports","Mante Street",Mabalacat,Colorado,Bangladesh,627-645-428,277-245-378,"Schiller LLC",halvorson.com,"Transportation and Material-Moving",maroon,2021-05-22,ericka52@yahoo.com,Wc|pek
ea169988-f407-3da2-8c80-8aa14983ebba,Mr.,Emmie,Predovic,"74A/41 Gorczany Village","Casper Spring",Ligao,Wisconsin,Colombia,276-013-358,201-300-765,"Nienow, Cruickshank and Rice",west.com,"Medical Laboratory Technologist",green,2020-03-21,mathilde72@gottlieb.info,NKPi`{>x71-zf04T.
fa44a3f4-a331-3c2e-9172-4833f19e3470,Dr.,Rodrick,Leuschke,"89A Wuckert Mount Suite 639","Heller Ports",Bacoor,Missouri,Cyprus,326-551-688,682-240-872,"Koss Inc",cartwright.com,"Jewelry Model OR Mold Makers",white,2010-05-02,melba30@yahoo.com,"LjXjU|f|"""
b2875d8f-6f5e-3f80-ae03-96aceb036da0,Mrs.,Nikita,Runolfsson,"26 Feil Place Suite 649","Okuneva Viaduct",Iligan,Kansas,"Christmas Island",131-136-324,751-906-591,"Hermiston, Lemke and Bins",goyette.com,Landscaping,blue,2021-04-21,daniela.reichel@stiedemann.net,Xlm!IV/D'
87859ac6-2f0b-349f-b394-dadc5c7fcc80,Ms.,Carrie,Konopelski,"23 Nolan Terrace","Padberg Terrace","Sorsogon City",Nevada,"Bosnia and Herzegovina",701-970-202,508-587-703,"VonRueden Group",gottlieb.org,"Hairdresser OR Cosmetologist",silver,1970-06-17,julien.jacobi@hotmail.com,lI&:8TY^rK>K
8d9f1757-1031-3c7e-9784-10e3e2c50d9f,Mr.,Toney,Stiedemann,"94A Toy Path Apt. 452","Rogahn Circles","San Carlos",Nebraska,"Papua New Guinea",334-690-522,662-553-878,Emard-Boyer,beatty.com,"Fast Food Cook",navy,1997-01-07,otto.romaguera@hotmail.com,'*v?Az
ca854c00-c84e-3c27-80f6-ec0f7ae6acd1,Dr.,Adele,Lang,"66A/62 Schumm Ways","Ruecker Cape",Antipolo,"North Carolina",Somalia,128-842-631,713-693-420,"Schultz, Trantow and Legros",gleichner.info,"Security Systems Installer OR Fire Alarm Systems Installer",gray,1983-07-11,edison.beahan@willms.com,zv+wh3&ROip+R^^'?<)
5b28b8bb-45ba-30a9-ba46-9ace0ed1cb76,Prof.,Camden,Hill,"25/62 Langworth Junctions Apt. 674","Ward Stream","Quezon City",Nevada,Georgia,657-834-900,246-414-504,Gislason-Hagenes,grady.com,Garment,silver,1990-02-15,xfriesen@hotmail.com,]]&5S6m#0:AT{xdoU
13cd2905-fb97-3756-a56b-f7ae0f4c9afd,Mrs.,Javonte,Hayes,"51 Murray Brook","Zboncak Mill",Mati,"New Jersey",Comoros,815-364-098,449-278-922,"Braun Ltd",marvin.org,Welder,purple,2019-02-22,ocartwright@gmail.com,[@MZP>|!g>b.gl-a]o69
c5b0297d-d2bf-3889-8305-5e9faeca75de,Dr.,Nigel,Quitzon,"81A DuBuque Circle","Donnelly Burgs","El Salvador",Missouri,Algeria,163-524-979,472-296-698,"Nolan PLC",thompson.com,"Tool Sharpener",aqua,1983-05-29,berge.hilario@kunze.biz,OK(pD$kDSy~
87263a0a-2275-31f9-b2b5-60274f737f19,Mr.,Candido,Satterfield,"24/64 Ledner Islands","Zemlak Plain","Santa Rosa",Nebraska,Sweden,058-516-464,954-876-101,"Stracke, Bashirian and Hammes",mccullough.org,"General Practitioner",gray,1975-10-22,cleora31@hotmail.com,7Q|Fbox
58a4e3e5-73db-372b-83fb-ba1226faa556,Prof.,Crystal,Weber,"47A Predovic Parks","Monahan Alley",Tayabas,"New York",Lebanon,690-756-446,595-566-484,"Schneider, Keeling and Wyman",kassulke.net,"Natural Sciences Manager",maroon,1982-04-28,herzog.dewitt@gmail.com,"kg,K""M@Ca6yqs"
ca4c92d3-7ca1-3d62-b7ce-5cd6fcdfc54e,Prof.,Aliya,Stoltenberg,"32/90 Bauch Lakes","Runte Harbors",Butuan,Pennsylvania,Dominica,925-782-847,068-898-521,"Rohan LLC",wilkinson.com,Painter,silver,2006-11-29,gorn@gmail.com,Te;|=6;
d539e893-0e03-38ad-b090-468f62c2d9fc,Prof.,Melvina,Parisian,"25A/53 Kertzmann Club Apt. 853","West Lodge",Tabuk,Vermont,"Costa Rica",576-794-307,210-022-950,"Olson, Blanda and Reichel",grimes.com,"House Cleaner",fuchsia,1998-02-15,conrad.balistreri@gmail.com,"K?L""u""Y~(/^P'fsr"
9e6e147d-2594-34ea-989f-6b27e46578bb,Dr.,Doris,Windler,"18A/86 Strosin River","Kuhlman Point","Puerto Princesa",Georgia,Uzbekistan,922-662-536,742-420-489,"Bayer PLC",rau.com,Home,silver,1970-03-27,stamm.abby@yahoo.com,&B(z!m
8c661c0f-ceaf-38df-aab1-3cd8045a2f68,Dr.,Coralie,Ankunding,"14 Spencer Walk Suite 510","Stark Plain",Vigan,Georgia,Morocco,384-639-807,016-199-499,"Hamill, Dach and Welch",lueilwitz.com,Microbiologist,lime,1989-07-30,erdman.kellie@muller.org,UxDA::G9A~36EiC
d823c892-80d5-3b23-bce0-b5f02e177209,Dr.,Winona,Bahringer,"40A Breitenberg View","Bergnaum Spring",Dapitan,Tennessee,"United States Virgin Islands",067-782-184,758-920-284,Bartoletti-Hodkiewicz,adams.com,"Community Service Manager",green,2001-10-26,yschimmel@boyle.com,",A@sEq-4"
251cfe13-0c79-3c09-9b64-726c5b5adc79,Dr.,Clara,Wunsch,"14 Oberbrunner Plaza","Schroeder Cliff",Calbayog,"New York",Mongolia,335-374-326,464-564-257,Kris-Lindgren,schneider.com,"Merchandise Displayer OR Window Trimmer",yellow,1987-01-21,satterfield.george@yahoo.com,"D*k,0|*>f6%I"
ae123614-bff7-3a44-ba56-f8d3d3b83ae0,Mr.,Roxane,Schowalter,"28 Abbott Locks","Trantow Burg","San Pablo","New Mexico",Taiwan,587-780-736,057-102-385,Rempel-Gerlach,schmitt.info,"Railroad Conductors",maroon,1971-03-02,turcotte.christop@gmail.com,]++{u'
100c2120-2578-3a65-ab70-4fdd8db7a426,Mr.,Mariela,Kulas,"10 Grant Fields Apt. 788","Kling Stream",Vigan,"New Hampshire",Tajikistan,165-951-575,185-188-905,Franecki-Hills,crist.com,"Government Service Executive",gray,2024-07-22,violet.williamson@weimann.com,"f}4.,""CU~OKrMP"
b563c3cd-fbf9-310a-abe4-d8dc80840f2f,Dr.,Yolanda,Oberbrunner,"64 Reilly View","Daugherty Pass",Gapan,Kansas,Gibraltar,805-742-713,793-389-178,"Ernser, Hauck and Paucek",kiehn.com,"Audio and Video Equipment Technician",silver,1980-09-18,jlockman@yahoo.com,7`9!d/Nt_>U.]#x#Hd
29f69502-714c-3b54-a672-9e89c1c6625c,Prof.,Donny,McCullough,"98 Klein Junctions","Boyle Ports",Talisay,Massachusetts,Myanmar,878-068-129,693-444-214,"Rutherford, Fisher and Friesen",tillman.com,"Excavating Machine Operator",yellow,2019-02-15,xdare@lesch.org,7XcB|5:M;;1%t0s
a7cec6c4-b6d1-3460-a86f-ee93dfa7842a,Prof.,Justus,Ward,"19A Roberts Lakes","Friesen Bridge",Marikina,Alabama,Mayotte,200-072-234,559-220-188,"Towne, White and Von",schultz.com,"Recreational Vehicle Service Technician",maroon,2011-03-20,omohr@gmail.com,[*p^dc<.&SL#k;mKV
caf35fe3-feed-36d4-b20b-e49bf9a13c0c,Mr.,Patricia,Fisher,"67A Abernathy Mountains Apt. 599","Roob Key",Lamitan,Wisconsin,Guinea-Bissau,293-258-960,139-044-806,"Ritchie PLC",kovacek.com,"Rail Transportation Worker",silver,2012-12-31,ubode@hotmail.com,eJ#WIaC+5t
17726759-6126-38d7-ad8c-3fb43c1a923b,Mr.,Bryce,Schiller,"31/23 Kovacek Groves","White Roads","Cavite City",Wyoming,Italy,556-474-793,513-984-435,Moore-Mosciski,franecki.com,"Sketch Artist",gray,1975-03-17,roberts.isobel@simonis.biz,w53P8'b
3a219bae-5d66-3c3a-9383-a32b13ed3c3e,Dr.,Mavis,Romaguera,"42 Kassulke Wells Suite 473","Koelpin Parkways",Legazpi,Florida,Guinea-Bissau,269-573-661,103-389-317,"Price, Dare and Kling",wisoky.com,Platemaker,white,2000-07-18,tanya.altenwerth@hudson.com,=x!)]AB
84090d9b-c3c4-3a49-83fb-f9007ed9b509,Dr.,Virginie,Hessel,"30/36 Cummerata Mission","Carroll Grove",Bacoor,"Rhode Island",Vietnam,223-382-757,233-626-996,"Kertzmann, Marquardt and West",johns.com,Biologist,blue,1996-11-27,lorine.kub@nienow.info,KB%k[p^G_TCdDWJl
56ca0235-83d3-39dc-98e8-b87e82fb0d8a,Prof.,Kane,Sauer,"91 Aufderhar Neck Apt. 740","Orn Locks","San Jose",Minnesota,Georgia,551-716-846,277-796-791,"Brekke Ltd",nienow.info,"Private Sector Executive",gray,2019-05-27,pearl.hagenes@daugherty.com,:LrB~%w^vy3|8U1hdi3
255f7952-08a2-3043-9b56-db6f7d35b053,Mr.,Octavia,Corkery,"71 Mohr Run Suite 759","Goyette Falls","Masbate City",Missouri,Malawi,736-833-955,716-333-841,"Kuhn Ltd",murray.com,Shampooer,green,1988-09-28,kaitlyn.macejkovic@hotmail.com,")//\nAK"
04cea437-79cb-3765-af27-796a885c7406,Prof.,Desiree,Hagenes,"86A Steuber View","Kassulke Land","Iloilo City",Delaware,Andorra,530-784-764,785-319-201,"Will, Cartwright and Witting",daniel.com,"Ship Carpenter and Joiner",gray,2016-10-06,delbert.grant@yahoo.com,"!hOX#_)gvsixgY\=K"
e8f31caf-dc99-36e9-9c15-3fe3637d0fb3,Prof.,Lauretta,Lubowitz,"14 Frami Knoll Apt. 947","Prohaska Harbor",Victorias,Pennsylvania,Myanmar,651-626-889,552-066-944,"Runolfsdottir LLC",kuhic.biz,"Tree Trimmer",black,2017-07-21,sydni20@okeefe.com,Lm{_I*
c2cfda32-1869-372b-8a47-93d49277c8ba,Prof.,Camryn,Wisoky,"01A Bahringer Squares","Steuber Shores",Pasay,Kansas,Lesotho,914-059-374,935-085-421,"Blick and Sons",crooks.com,Cook,purple,2015-09-29,ikshlerin@sporer.com,MvyG')mKTSh|%V_i
88c88ba6-5e88-3fbd-ace5-ebf7db2a5927,Prof.,Rosario,Mills,"39/84 Abbott Port","Stamm Parkways",Danao,"South Carolina","New Caledonia",126-091-736,585-749-561,Rutherford-Lynch,stark.com,"Railroad Switch Operator",yellow,1977-11-29,schiller.tierra@hotmail.com,[{bHIuA%1
96823b91-1ad0-3203-9e2d-577293c58d53,Mr.,Emilie,Bernhard,"36/70 Schaefer Trafficway Apt. 604","Hill Road",Legazpi,Montana,"Slovakia (Slovak Republic)",122-588-579,329-422-023,Hermann-Koelpin,halvorson.info,"Education Administrator",aqua,2010-12-28,uriel.koch@hotmail.com,LjRgAM^:v%${=7Rep
1c7f2b56-f122-3347-a817-136325ea17f2,Prof.,Annabell,Pagac,"99/71 Schmidt Ridges","Dach Lodge",Guihulngan,Arkansas,Seychelles,293-060-014,538-627-140,Keeling-Feest,gorczany.com,"Material Movers",white,1995-03-03,anabel51@gmail.com,w#[*)k_
cf95b1d0-1d69-31ed-a314-bfef16b5174a,Prof.,Irma,Johnson,"27A Schmeler Land","Lockman Trace",Ozamiz,"South Dakota",Thailand,933-941-662,883-965-588,"Dare, Cassin and Osinski",batz.com,"General Practitioner",yellow,2001-01-31,hannah33@hotmail.com,5}k>s.vUB
2953a6bc-463b-39b3-ba83-6016579b310f,Mr.,Noel,Mann,"18/38 Metz Way","Grady Ridges",Koronadal,Nevada,"French Southern Territories",584-849-970,041-456-828,"Kreiger LLC",rodriguez.com,"Locomotive Firer",white,1998-09-15,ward.lucienne@streich.com,"W&Do1,D09H4yZEz"
bb09beb0-e758-3d0a-b915-a0a16846e094,Dr.,Orval,Durgan,"42/67 Jakubowski Manors Suite 534","Braun Extension",Urdaneta,Colorado,Guatemala,163-033-394,204-711-978,Heller-Wilderman,jerde.com,"Farm Labor Contractor",lime,1980-03-21,ibrahim36@yahoo.com,"^m+R*\7&Vb""\4\t["
34335fd6-f65e-3e1b-803d-576f7d971384,Dr.,Herminia,Gislason,"38A/74 Zieme Drive Suite 284","Orn Greens",Cabuyao,"North Dakota",Reunion,701-216-396,425-474-378,"Erdman and Sons",schroeder.net,"Electrical and Electronics Drafter",green,2007-05-02,erdman.markus@gmail.com,.~5BOJq
61dc530f-6d62-3ba4-b14e-4754c944c846,Mr.,Kale,Lakin,"11 Trantow Circles Apt. 107","Bode Hollow",Urdaneta,Arizona,Madagascar,776-371-023,539-395-140,"Kuhic Group",herzog.com,"Hairdresser OR Cosmetologist",gray,1976-09-14,cnicolas@gmail.com,"-$H!EX][*OW(!sn\"
72718977-a821-3c28-92ce-546ef6b49de2,Prof.,Bryon,Swaniawski,"02A/05 Ebert Locks","Streich Hollow",Ozamiz,Alabama,Zimbabwe,957-802-503,569-871-489,Davis-Bernhard,hodkiewicz.com,"Nursery Manager",black,2020-07-06,pabernathy@price.net,A~(V&-z;?'XluR>@
93a9dd91-a54f-35a5-9c5d-577c349e4899,Prof.,Henriette,Halvorson,"50A Hills Ports Apt. 848","Waelchi Mission",Bais,Tennessee,Nigeria,001-513-385,654-141-297,"Ledner LLC",nader.biz,"Geological Sample Test Technician",purple,2013-08-14,bosco.bo@hotmail.com,"@*E;3""}%\4-Y"
e7d52be8-9192-3100-9e70-c0f0c66faacf,Dr.,Colleen,Lesch,"91 Zieme Island","Schaefer Isle",Bislig,"North Dakota","Western Sahara",964-567-830,067-195-293,Blanda-Goldner,reichert.com,"Surveying and Mapping Technician",yellow,1995-04-06,karlee50@yahoo.com,s^rCiF6*
1b2387c9-d7d6-32b3-b922-32c54610ee4b,Dr.,Chaim,Brakus,"16/44 Simonis Landing","Towne Lane",Tabuk,"South Carolina",Canada,913-563-306,301-827-070,Stamm-Ortiz,veum.com,"Communication Equipment Repairer",lime,2012-09-20,destini85@swaniawski.biz,$}uS~O}rYjvc
88cb9ba9-0cb7-331a-8289-6ab2d75d77b4,Ms.,Leonard,Wehner,"50/70 Hansen Ports Apt. 377","Reilly Passage",Pasay,"North Carolina",Italy,922-167-740,426-904-110,Hoppe-Ferry,williamson.biz,"Gas Distribution Plant Operator",white,1979-09-20,johnson56@hotmail.com,@:uLup3H_#&%{2/?>
31ce0d71-bb65-3e26-a07b-06df066b283f,Prof.,Deangelo,Murray,"77A Carter Junctions","Ziemann Junctions",Balanga,Minnesota,Australia,973-914-529,532-845-507,"King Group",damore.com,"Signal Repairer OR Track Switch Repairer",olive,1976-01-11,dlebsack@smith.org,"q%4mo,B`M"
f95e3d7a-6bdb-3fd2-96c8-8849ab5b693e,Prof.,Rusty,Dooley,"46 Krajcik Walk","Conroy Field",Baybay,Indiana,Jersey,229-987-074,608-774-988,"Quitzon Group",purdy.com,"Medical Assistant",blue,2007-03-16,camilla.pfeffer@cassin.org,"P,KaiE,["
ae15315b-8044-315b-9b97-30a6df9a7834,Prof.,Mable,Durgan,"76 McGlynn Station","Brakus Ferry","San Juan",Illinois,Dominica,420-756-926,511-682-317,Zulauf-Wiza,upton.biz,"Medical Equipment Preparer",silver,1996-12-18,miracle.wyman@lynch.com,TpzrOq
a30874bc-aa30-32c2-808d-01a76cabe57d,Mr.,Wilfrid,Larkin,"66/16 Wisozk Fields Suite 547","Powlowski Mountain","Cebu City",Nevada,Moldova,694-728-828,106-088-990,"Morar Group",roberts.com,"Airline Pilot OR Copilot OR Flight Engineer",lime,1990-06-12,lynn24@gmail.com,N=lLb@t
b1c3376a-d26e-3f3e-be86-c0d4cebfd28b,Dr.,Amaya,Hayes,"13A Sipes Common","Windler Mission",Palayan,Minnesota,Brazil,260-051-342,070-456-309,"Thiel, Bartoletti and Witting",turcotte.net,"Irradiated-Fuel Handler",fuchsia,1988-08-25,qheathcote@yahoo.com,o4vVNp!(U5!
bc492f10-c44d-3920-a4e6-e70adadb0bb6,Mrs.,Ollie,Bruen,"15A/93 Moen Manors Apt. 887","Gerlach Club",Iligan,"South Dakota",Norway,622-773-112,708-140-760,"Vandervort Group",lowe.com,"Grounds Maintenance Worker",gray,2017-06-08,larson.adella@rath.com,"hD""4qgO|^.52~0Mz-ZK("
fb4489cf-7304-3c26-8503-fdeed6d75b80,Ms.,Major,Nitzsche,"41 Howell Light Suite 145","Hand Knolls",Bago,Wyoming,Iraq,082-577-944,777-818-009,"Pagac, Bogan and Kohler",jacobi.com,Dancer,gray,1981-05-24,jayme.oconner@mayert.com,K$u&o0deGR]s(?
cd896065-6119-39c0-8675-0180a6dbd81f,Dr.,Douglas,Abernathy,"37A Predovic Terrace Suite 093","Will Stravenue",Tabaco,Oregon,Comoros,000-562-662,919-072-142,"Bahringer Group",baumbach.com,"Pharmaceutical Sales Representative",gray,1980-04-02,vonrueden.brigitte@gmail.com,gwK2;?n1YxfbE
62eb4b8e-6c3a-3b82-82e7-9754e9cbaa3b,Prof.,Camryn,Littel,"58A Quitzon Road Suite 792","Schmitt Hill",Mati,Oregon,Bermuda,888-939-998,318-945-713,"Nicolas, Lemke and Dietrich",braun.com,"Mechanical Equipment Sales Representative",black,1991-07-31,fsipes@gmail.com,"*qs~d3k*@KeY\'"
40ad7580-e490-3333-86ed-58e0885dee2e,Mr.,Garett,Pacocha,"67A Von Ranch","Trantow Glen",Tacloban,Missouri,"New Zealand",807-455-457,439-321-462,"Nikolaus PLC",goyette.net,"Locomotive Firer",silver,1985-02-04,konopelski.tianna@yahoo.com,"YKeN9Y6&vX,Y)'s_4]<"
538006a6-9c57-3087-affd-89973ec4a8ec,Ms.,Lucie,Sipes,"02A Greenholt Mountain Suite 855","Schumm Neck","El Salvador","New York",Nauru,283-880-392,485-116-028,"O'Reilly, Rutherford and Bashirian",grimes.com,"Police Identification OR Records Officer",purple,1994-04-08,boehm.shaun@kassulke.biz,%n>xl2)
713705ea-a2fe-303d-a742-f811141afedd,Prof.,Lavada,Willms,"33A/49 O'Kon Ways","Bruen Cape","San Jose",Virginia,Estonia,212-777-880,042-401-028,"Reinger Group",waters.com,"Plating Machine Operator",black,1977-05-08,pouros.lourdes@oconner.com,"VF]""|DM$"
cbe94d32-3a26-374f-8782-c3dbe89d607c,Dr.,Vilma,Kub,"58/42 Pfeffer Streets Suite 443","Corkery Alley",Bayawan,Vermont,"South Georgia and the South Sandwich Islands",276-720-120,123-300-317,"Wehner, Wiegand and Jaskolski",smith.com,"Nuclear Technician",white,2019-04-28,uweissnat@schulist.com,yC<Hh@sDV
ceedeb3a-4fcb-36dc-9a1f-7546c872f521,Mrs.,Margaretta,Hoeger,"45/91 Swaniawski Plains","Koch Glen",Tuguegarao,Wyoming,Dominica,956-103-997,921-197-749,Carter-Lynch,daugherty.com,"Casting Machine Set-Up Operator",black,1984-08-20,ledner.damaris@yahoo.com,2QH)dk=|oL{m7.
14e7be6f-9703-3581-9902-039ac25bdcd9,Ms.,Dahlia,Zemlak,"75 Weimann Lights Apt. 698","Emmerich Forge",Butuan,Nebraska,Hungary,216-090-494,969-681-497,"Grimes Group",morissette.com,"Paving Equipment Operator",yellow,1999-07-02,paolo33@blanda.com,}yXj-2I:Z1o1;5q
d63809e4-6e3e-3f3b-a282-eb297df28078,Prof.,Alvis,Hettinger,"74A Roob Hills","Emmerich Meadow","Puerto Princesa",Idaho,Cameroon,716-844-945,675-622-629,"Auer, Renner and Hoppe",schumm.net,"Industrial Engineer",aqua,1984-12-11,jkuhic@hotmail.com,"kO'&""YwIG<2]]^"
81a72c5e-4375-3da6-a127-969cda78c0c5,Prof.,Darby,Dickens,"19A/41 Hyatt Rapids","Fritsch Mount","Surigao City",Georgia,"Faroe Islands",829-611-320,879-497-895,"Weber, Parker and Flatley",barton.biz,"Distribution Manager",teal,2011-12-06,oda.walter@runolfsson.org,G6{Gz)yy$#~i7IPe9jz
6a243d9a-7037-3905-855d-70346acd40d4,Dr.,Ruby,Kutch,"40A Jakubowski Rest Apt. 941","Brakus Row",Antipolo,Mississippi,Kazakhstan,166-362-836,599-061-181,Powlowski-Turner,vandervort.org,"Logging Supervisor",green,1984-06-19,wgoldner@stracke.com,WpY@G&7}
5e8836ab-07c5-39ae-9e95-a7e7ca9319dc,Dr.,Tess,Swaniawski,"35A Miller Mills","Gleason Junctions",Makati,Kentucky,"Faroe Islands",260-711-060,012-081-907,"Ernser, Fritsch and Lebsack",feest.com,"Plating Operator OR Coating Machine Operator",blue,1991-03-08,jayne.fay@herman.com,"|\?""L/P.'0u!H~M9"
ab70ccb8-b5af-3af4-8077-fa3e7403922a,Mrs.,Travon,Rempel,"95 O'Keefe Ranch Suite 123","Bartoletti Road",Canlaon,Vermont,Guinea-Bissau,952-394-361,709-710-193,McClure-Keeling,gutmann.com,"Metal-Refining Furnace Operator",gray,2017-06-28,charlotte.kassulke@medhurst.biz,")-$G$DA#+K""_"
6056aaed-063d-3dee-8ec2-fab622d822cd,Mrs.,Tatum,Quigley,"17A Mayer Drive Suite 410","Gottlieb Parks",Cauayan,Missouri,Oman,649-372-025,797-287-310,"Wilkinson Ltd",beier.com,"Dietetic Technician",fuchsia,1974-04-20,gupton@gmail.com,"@z7W""8ITI"
15f239cf-4c5b-3911-818c-6abb7fc6ab43,Dr.,Albert,Rogahn,"12/28 Crooks Stream","Mayert Inlet",Bacoor,Oklahoma,Qatar,439-602-071,552-487-796,"Schneider Ltd",lebsack.com,"Extruding and Drawing Machine Operator",fuchsia,2006-09-09,fgrimes@zemlak.net,i]i'Ak$%XAT5kTB(z
52f9d878-cb02-3d33-a709-7119110ff9b3,Mrs.,Tamia,Terry,"13/42 Murazik Brooks","Haag Harbor",Malolos,Utah,Ukraine,073-192-431,922-538-114,Balistreri-Littel,klocko.com,"Stringed Instrument Repairer and Tuner",gray,2008-09-02,will69@yahoo.com,"ztP8o,8N"
21c0af0d-51f0-3aed-8b7c-b9da42ed19b8,Prof.,Felicia,King,"09A/68 Abbott Stream","Wolf Rapids",Malolos,Massachusetts,Comoros,495-190-768,124-249-147,"Willms Inc",witting.com,"Communication Equipment Repairer",navy,1974-03-24,nicolette91@roberts.com,"d'.@@Cab\?#tUq/"
ecb840d6-85f9-3eff-afb7-d7e95a51917c,Prof.,Ruthie,Jacobson,"21A/16 Feeney Bridge Suite 555","Smith Knoll","San Juan",Maine,Japan,817-808-744,449-950-881,"Zieme, Quitzon and Deckow",stanton.com,"Corporate Trainer",fuchsia,2015-01-24,tevin86@bruen.info,|=wdX*|in`-C#T
a015139a-9b67-3ca9-80e7-0052bd00a184,Miss,Keara,Lebsack,"84 Ferry Crescent","Kautzer Wall",Tabaco,"Rhode Island",Turkey,883-595-986,802-867-416,"Romaguera LLC",koch.org,"Night Shift",lime,1998-05-07,lennie.weissnat@johnson.com,m|%k6arMGF{Rl
987a9d82-24a7-3c80-a310-7808c6672188,Mrs.,Quentin,Blick,"97 Schuster Forest","Mraz Extensions","Batangas City",California,Cameroon,158-084-848,330-665-946,Hintz-Lesch,hammes.com,Editor,purple,2016-12-02,casey.cartwright@sanford.net,"XA&h;""9o'w?2B$/<"
e47a8108-03f0-3684-adbf-f65cab243bc4,Dr.,Oceane,Hegmann,"25/88 Medhurst Prairie Apt. 611","Harber Loaf",Tanjay,Pennsylvania,Anguilla,764-533-092,690-380-106,"Hudson Group",lindgren.net,"Natural Sciences Manager",white,2005-12-23,shaylee18@hotmail.com,oWPp;xW-<@ODo*ow(nj%
98b4a09c-6f86-340f-aeed-8e9950d90a69,Miss,Rosemary,Durgan,"42/49 Kulas Wall","Prohaska Hills",Tayabas,Missouri,Aruba,704-192-691,928-028-213,"Wunsch, Von and Heaney",rutherford.com,"Furniture Finisher",olive,1980-10-10,esperanza09@hotmail.com,",g1}%P"
a39c3997-40dd-3180-8cc9-fd63aec8c76a,Prof.,Aliza,Mueller,"34A/45 Little Dam","Paucek Freeway",Navotas,Texas,Afghanistan,429-966-873,459-038-078,"Kuhn, Towne and Rice",durgan.org,"Computer Specialist",black,1974-03-19,arlie15@hotmail.com,"yexT:;Qs<\SH6jIp"
de0b0030-5639-3b1d-a6d3-c414bf2a04fe,Mrs.,Ova,Will,"06A Brakus Path","Bode Island",Malaybalay,"New Mexico","Western Sahara",132-017-151,723-045-613,"Williamson, Reichel and Herman",dubuque.net,"Animal Trainer",gray,2019-12-17,liliana.rosenbaum@ebert.com,"h""`z2Y7h0eI"
5be2f27d-1e11-3f83-970b-cc4388f1853b,Mrs.,Rosalia,Barton,"92/55 Feest Forge Apt. 762","Schowalter Ports",Tangub,"New Mexico",Mayotte,865-427-813,906-133-716,"Ryan, Fahey and Wintheiser",schultz.com,"Metal Worker",blue,1981-06-23,peggie40@yahoo.com,"f\K7-3#;{j@o\Gu;Vu+"
7e5227ec-3a94-39a9-b592-7c36b0e08d17,Prof.,Vance,Bednar,"91 Hamill Valley","Bashirian Oval",Dipolog,Michigan,"Solomon Islands",767-994-588,906-524-138,"Klein, Kassulke and Romaguera",ryan.net,"Respiratory Therapist",black,1973-05-22,dwight09@mertz.info,"B#yIM>!kL,3'd,w@Nvjx"
06dcb756-628b-31ae-8f92-2dcaedffbf21,Mrs.,Precious,Jenkins,"98/13 Ruecker Camp Suite 522","Treutel Islands",Dipolog,Colorado,"British Virgin Islands",292-924-469,260-112-953,Sawayn-Hills,miller.com,"Fishery Worker",white,1977-07-10,wisoky.kirk@jacobi.net,jBQ*851=&[i3%2i#F
b2af7911-43ef-3a12-9ca6-0b7cd67e5dc4,Dr.,Hazel,Heidenreich,"91A/60 Pfeffer Expressway","Muller Falls",Santiago,Arizona,Suriname,377-950-465,942-050-337,"Okuneva, Batz and Dach",ernser.com,"Private Detective and Investigator",teal,1971-11-06,yessenia04@hotmail.com,M@6.A>j
03192f75-fc6f-3cd9-980f-e1833d132b1a,Dr.,Zoe,Zemlak,"67 Ankunding Via","Muller Manor",Legazpi,Arizona,"French Polynesia",863-018-853,997-541-795,"Jacobson, Bailey and Grant",ebert.com,"Mechanical Engineering Technician",lime,1983-07-07,akeebler@yahoo.com,UfR/z2-
f48ca33f-85f9-3069-adb7-33cd71722bb8,Mr.,Barrett,Legros,"39/69 Ruecker Lane","Cormier Loop",Bacoor,"North Dakota",Fiji,925-770-786,199-127-365,"Dicki, Erdman and Paucek",mohr.com,"Municipal Fire Fighting Supervisor",fuchsia,2013-07-23,karli36@hotmail.com,W[usA<IW;V{U!`<gZ
a4418bbc-bb59-3e84-a9a8-04b54043ab3b,Mrs.,Marcos,Turner,"60/97 Glover Ferry Suite 802","Vandervort Spurs",Himamaylan,Oklahoma,Egypt,896-687-970,913-440-362,"Yost and Sons",yundt.com,"Metal Fabricator",white,1997-12-15,waters.rylee@gmail.com,L94A0|9!o]|I
174cb9b0-d295-3953-8146-ac3b86edfd71,Mr.,Lavada,Crist,"83A/07 Toy Rue","Herman Ramp",Isabela,Colorado,"Libyan Arab Jamahiriya",572-949-205,858-951-059,"Kreiger, Stehr and Schmitt",stroman.com,"Production Planning",lime,2016-02-10,halvorson.aric@hotmail.com,/7&n^U>yR
813d4b13-6d82-37a4-be38-4d1fbe7a3681,Mr.,Albertha,Kreiger,"76A/17 Swaniawski Stravenue","Deckow Crest","El Salvador",Tennessee,Guadeloupe,363-405-793,213-294-048,Hayes-Beatty,mosciski.com,"Camera Operator",white,2019-01-19,wintheiser.frederic@gmail.com,"L%bSP5lay,pu9LL8OKu"
8126f5a1-6957-39b1-8bc6-3e26506ca604,Miss,Consuelo,Sipes,"77 Kunze Flats","Schowalter Well",Lapu-Lapu,Alaska,Benin,261-849-693,882-277-192,"Hane LLC",schaden.info,Shampooer,teal,2012-08-05,dbogan@smitham.com,"t.V';pRIE,SuzE*;o"
e38ac103-b51e-30f8-8c97-d6a491f183ec,Prof.,Madonna,Medhurst,"79/29 Herzog Mews Apt. 181","Hahn Plaza",Tuguegarao,Nebraska,Bermuda,993-738-807,951-611-163,Shields-Deckow,muller.net,"Vice President Of Marketing",white,1982-03-21,lpowlowski@gmail.com,qt@R}b.Vm2XxQ}
18301a7a-1ef8-3b35-84da-60520bac5852,Mr.,Hunter,Senger,"02A/40 Legros Garden Apt. 466","Towne Mill",Calamba,Arkansas,Kenya,124-777-580,886-885-224,"Johnston LLC",marvin.org,"Stock Broker",aqua,2008-12-02,nelda54@waelchi.net,HZFs4{~b
e5244cdb-5ca0-3139-b56f-c74367cfe9a8,Dr.,Aylin,Zemlak,"08A/64 Ritchie Shoals Suite 632","Swift Haven",Danao,"North Carolina","Pitcairn Islands",756-182-588,391-531-621,"Lehner Ltd",wolff.com,"Materials Engineer",black,2016-03-25,wferry@hotmail.com,?r#j|..}r
9bcae1fc-685e-313c-80fe-d7efaa4e4354,Mr.,Novella,Barton,"28 Mraz Rue Suite 243","Schiller Burgs",Silay,Idaho,Guam,218-933-232,852-459-857,"Ruecker, Cronin and Haag",tillman.net,"Radiologic Technician",blue,1999-09-30,dpacocha@oberbrunner.com,"R!M#2{ag_EAL,~ILMPg"
3f5cf45f-1d7f-3a11-8b2a-854be490adee,Mr.,Enid,Moore,"77A Hermiston Squares","Krajcik Village",Cabadbaran,Virginia,"Norfolk Island",260-812-461,022-406-497,"Stiedemann and Sons",leannon.com,"Entertainment Attendant",blue,1985-04-19,swift.jack@hirthe.com,Anek[>VAKh#$]O
9ebfc417-da78-3f50-a371-e5152b0ed3d2,Dr.,Delia,Dare,"45A/27 Simonis Camp","Wilkinson Wells","Sorsogon City",Wisconsin,"Solomon Islands",187-907-403,895-669-561,"Dickinson, Runolfsdottir and Bailey",wiza.biz,"Food Preparation",aqua,2020-06-20,kgrady@aufderhar.com,"sc#a]8dB~O9S"")Lr"
9ff91b4e-1b17-3b96-98df-139e8717813a,Dr.,Blanca,Upton,"51/68 Olson Stream Apt. 029","Schulist Grove",Malabon,Pennsylvania,Martinique,305-229-321,913-766-121,Casper-Russel,jast.com,"Athletes and Sports Competitor",black,1991-01-28,klocko.joseph@gmail.com,"x38!h\~1q5Va)-~"
15a1e77b-1b0b-317c-86b1-7a4b19d11b73,Ms.,Russell,Huel,"33A Robel Court","Denesik Gardens",Valencia,Kentucky,Thailand,885-087-154,188-679-537,"Hahn, Monahan and Weimann",morar.com,"Purchasing Agent",fuchsia,1970-07-17,ledner.art@hotmail.com,CXO6xyUhhh4sP$&~rn>3
5602b710-88fb-34ed-ba47-2bf60638b830,Ms.,Cecil,Rutherford,"43 Reichel Neck Suite 336","Bergnaum Fields",Butuan,California,"British Virgin Islands",518-070-095,106-355-722,Bednar-Nicolas,wiza.net,Accountant,teal,1971-06-21,xschaefer@kirlin.info,!_[O]4wki
445b5745-0f8a-3d99-89b5-f78685d88035,Prof.,Kristina,Hoppe,"99/55 Ferry Island Suite 062","Ebert Walk",Taguig,"New Hampshire",Djibouti,796-423-945,439-952-163,Pouros-Mayert,kerluke.com,"Tractor-Trailer Truck Driver",aqua,1973-09-25,reilly.eino@gmail.com,5i9<F.X8}{BqN
bd2c6e2a-7cf8-30aa-a8ed-211e0c1d4330,Miss,Tiffany,Miller,"40 Kuhlman Harbor","McClure Inlet",Angeles,"North Carolina",Australia,863-748-304,279-463-970,"Kihn, Blick and Schmitt",labadie.com,"Armored Assault Vehicle Officer",blue,1994-04-14,elenor.boehm@mcglynn.biz,Wwqu$x8UcY
2329a70f-3682-302c-b366-5642c6ade92e,Prof.,Juliet,Sanford,"58A Leffler Island Apt. 850","Zboncak Inlet",Sipalay,Delaware,Croatia,721-413-019,753-149-664,"Douglas, Stoltenberg and Moen",ferry.com,"Gas Processing Plant Operator",purple,2013-04-10,jamel.auer@lang.com,i4fl2vEXS
3169afab-d884-3c3d-b455-4041d9d9bdad,Prof.,Alejandrin,Lemke,"57 O'Conner Roads Apt. 933","Maggio Mill",Calbayog,"New York",Mongolia,288-213-961,236-002-173,Konopelski-Cruickshank,goyette.info,"Motor Vehicle Operator",blue,2017-04-23,vada.heidenreich@treutel.com,!s;z5#$h
92432df9-ee62-3228-9fd1-629919b8d7fa,Prof.,Laisha,Trantow,"30A O'Keefe Spring","Osinski Meadow",Olongapo,Kansas,"Norfolk Island",707-192-818,422-062-057,"Brown Ltd",huel.com,"Nuclear Monitoring Technician",gray,1989-06-02,hackett.vicente@schumm.com,",Z3Z@*PDqrVm(MntfC"
609abe8c-1c3d-383b-9dda-97a8d139735c,Ms.,Jordane,O'Conner,"86/22 Schaefer Drive Suite 760","Ortiz Ferry","Zamboanga City","New York","Norfolk Island",720-430-375,709-494-679,Goldner-Wolf,doyle.com,"Pest Control Worker",olive,1975-12-10,schiller.melany@gmail.com,"Qay'`84{X&csg!\"
8fe4d4da-7645-38a3-a9d0-13e870ea6775,Mr.,Sheldon,Schaden,"88A/52 Marvin Views","Mills Forest","La Carlota",Hawaii,"Bosnia and Herzegovina",433-312-398,094-876-532,Sawayn-O'Connell,barton.com,"Movie Director oR Theatre Director",black,2002-12-06,ibreitenberg@metz.com,*9)5_A_ljA-R+c
99d957d7-4298-3c95-aaf7-6586288ea1a6,Prof.,Maryjane,Turner,"77/23 O'Hara Parkway Suite 260","Deckow Drive",Calamba,Connecticut,Peru,256-638-274,506-577-799,Wiegand-Ryan,orn.org,Counselor,fuchsia,1972-06-04,barrows.lilliana@yahoo.com,V<GCz&iA+H2UU
6381c9f6-1e83-30fc-98b8-464a5b6bb41d,Dr.,Paxton,Bogisich,"65 Raynor Cliff","Auer Brook",Ormoc,Mississippi,"Lao People's Democratic Republic",682-215-012,569-814-704,"Bogisich Ltd",bahringer.com,Singer,blue,1992-05-26,allison.schimmel@gmail.com,BY+}tK0y*iM$zOsOH?:
06d7e9ee-bafa-3fab-838d-41fe731f4eac,Miss,Geraldine,Cole,"24 Gerlach Vista Suite 948","Nicolas Underpass",Muñoz,Nevada,"Costa Rica",887-263-929,305-464-801,King-Braun,mayer.com,"Nursery Worker",gray,2005-09-12,ivolkman@gmail.com,ZjLflO[{bWg<
3674a7b5-6173-3bc8-961b-9fe4ddb9993e,Prof.,Idell,Welch,"32A/50 Kozey Plain Apt. 175","Greenfelder Stravenue","Batangas City",Connecticut,"British Indian Ocean Territory (Chagos Archipelago)",388-574-073,509-559-633,"Franecki Inc",hessel.com,"Precious Stone Worker",gray,1990-11-24,florine.nolan@yahoo.com,"te@(=*UK@+/""YO"
6905c2a4-e8b0-319e-8ebf-fe1ceb2630a1,Mrs.,Tatum,Gusikowski,"27 Lehner Valley Apt. 749","Pfannerstill Orchard","Puerto Princesa",Tennessee,Finland,545-945-704,743-155-395,"Hand Group",aufderhar.org,"Transportation and Material-Moving",black,2014-06-18,stehr.erik@bogan.biz,'zR7dg&`
d1b86c35-9f47-392d-80d2-87ad373ab29a,Dr.,Elfrieda,Carroll,"33A Kilback Inlet","Tromp Harbor",Maasin,"North Dakota",Vietnam,372-994-547,910-640-607,"Jacobson PLC",olson.com,"Stock Clerk",aqua,2001-08-03,camila.reichel@gmail.com,Ug_v2mH&
3c9a6904-d444-32f2-95ed-f0c3350e709f,Miss,Julia,Durgan,"62A Maggio Drives Suite 883","Kuphal Hills",Navotas,Indiana,Iran,542-084-623,677-163-996,Bartoletti-Padberg,sipes.com,"Printing Press Machine Operator",white,1976-11-17,windler.judd@mayert.org,"UY\rNk^?-a"
7015980f-d46a-34d3-8ab3-640c9519ae17,Mrs.,Ozella,Bailey,"02A Labadie Extension","Stokes Lodge","El Salvador",Kansas,"Kyrgyz Republic",451-903-509,385-123-519,"Davis Ltd",steuber.com,"Mail Clerk",white,1987-01-02,vohara@hotmail.com,TqS>bkLsD3WkUdp?|Ij
dce978b1-3da7-3754-a415-8ffbf1928024,Dr.,Kimberly,Zulauf,"76/27 Crooks Fords","Schmidt Ways","General Santos","South Dakota","El Salvador",428-954-588,146-033-798,Wilderman-Braun,purdy.biz,"Transformer Repairer",green,1999-03-17,ahmed34@stamm.com,K2!.qL>M)Y8NidK5pe
d9e71e33-d143-3d2b-90ee-9d49d34221ae,Prof.,Benny,VonRueden,"64A/66 Auer Mountains Suite 067","Skiles Lodge",Manila,Tennessee,"Costa Rica",096-950-720,844-378-572,"Swift, Kreiger and Runolfsdottir",herman.com,"Hand Presser",teal,1983-04-27,ali.jakubowski@botsford.net,"\L~h\'Eta"
6e4ca57f-5555-3496-8fd9-aa7a3720759f,Prof.,Georgiana,Daugherty,"98/86 Smith Pine","Schumm Squares",Muñoz,Missouri,Norway,179-428-595,662-564-311,Collins-Leuschke,rowe.com,"Artillery Officer",aqua,2015-03-16,fgerlach@jaskolski.org,M=.<qGN
b7f55680-0f59-332a-8876-9e1855b2f767,Ms.,Alisa,Osinski,"44A Heidenreich Trail Apt. 241","Schiller Estate",Ozamiz,Colorado,Barbados,346-153-960,424-199-427,"Goodwin PLC",nicolas.info,"Foreign Language Teacher",green,2007-06-30,vtorphy@hotmail.com,SbIubb^qx4[Wy
c4d3168c-0afb-3b02-9bc1-305446d71ecf,Prof.,Brycen,Doyle,"74 Hodkiewicz Forge Suite 352","Jaskolski Shoal",Talisay,"New York","Cote d'Ivoire",553-382-816,863-231-592,Bechtelar-Quitzon,welch.com,Pharmacist,green,1987-08-20,kylee36@yahoo.com,f];@jKcSp*Yu:
81d0dd0b-104b-3d82-85bb-84116b078b2b,Prof.,Kiel,Swift,"64A/61 Carter Mountains Suite 258","Rosenbaum Overpass",Pasig,"District of Columbia",Thailand,713-709-721,503-911-517,"Hammes, Koepp and Schaden",dicki.com,"Library Technician",fuchsia,2000-04-11,arnaldo94@gmail.com,Y(AfDp_K/AhjpV!8
9ee42fa2-3338-3c9c-82b4-0aa7fc495941,Prof.,Marietta,Bode,"33A/06 Hermann Brook","Kreiger Canyon",Lamitan,Maryland,"San Marino",222-585-394,122-977-988,"Wiegand, Bartell and Larkin",larkin.biz,"Gaming Cage Worker",maroon,1983-01-01,uemard@wiegand.com,"{<K!%=v""(v"
f8b57f87-7894-3b9c-8e34-decf547f9364,Dr.,Kaela,Luettgen,"71A Lebsack Landing","Fadel Pines",Gingoog,"New York",Poland,151-223-054,128-903-058,"Roob, Cummings and Gaylord",hermiston.info,Lifeguard,green,2005-10-04,ebba69@konopelski.com,1&(&nBgj
b690d044-8baa-3f25-8894-18165635d028,Dr.,Vesta,Effertz,"02A/17 Gorczany Freeway Suite 312","Prohaska Haven",Malabon,Wisconsin,Germany,855-738-334,638-501-667,"Krajcik Ltd",buckridge.com,"Marine Cargo Inspector",white,2020-09-06,spinka.beth@dickens.net,"[[~X1v!,m+(W^TV?T!K"
a5db5ad0-7af9-3ae0-bf0b-82b95c06ffdc,Mr.,Alexa,Bauch,"71A Smitham Shores Suite 479","Ebert Creek",Vigan,Utah,Djibouti,292-319-169,704-860-845,"Goyette, Swift and Kuvalis",deckow.com,"Fiberglass Laminator and Fabricator",fuchsia,1986-07-09,mitchell.stacy@yahoo.com,wm`#|~R]ww@
a7de30a7-f1af-320e-abe7-c668d090addc,Dr.,Peter,Wintheiser,"86A Considine Canyon","Hayes Knoll",Santiago,"New Mexico",Liberia,418-623-503,536-484-915,Grimes-Reinger,dubuque.org,"Stationary Engineer",lime,2010-02-17,jheaney@little.net,"an10`9KtPUA;~@"""
b23537f7-ca5a-385e-930d-713795f5b8ab,Mrs.,Sheldon,Kohler,"60A Harris Course Apt. 764","Schuppe Dam","San Juan",Vermont,Bolivia,875-439-815,570-743-765,"Conroy LLC",jerde.info,"Caption Writer",white,1992-12-30,clifton35@hotmail.com,"\2)EAoV"
f7514524-ed1b-3042-ae2b-34e9634dbf2c,Prof.,Madisyn,Shanahan,"00A Labadie Grove Suite 711","Herman Isle",Tangub,Virginia,"Syrian Arab Republic",552-449-709,217-547-779,"Bashirian Inc",watsica.org,"Tank Car",aqua,2009-03-29,jacobs.kayla@yahoo.com,34K;0NI`v==fR
1eb164a3-1d75-3ef4-b944-e4a9a3a5b155,Ms.,Consuelo,Champlin,"38A/41 Marquardt Pine Suite 054","Bogisich Fords","Tarlac City",Tennessee,Swaziland,528-140-385,661-710-258,"Reichert Ltd",murazik.com,"Home Entertainment Equipment Installer",blue,2017-08-10,kayla.bednar@lockman.com,"z,~8fSKj`,hK%VZ"
e01ff83c-cad0-352d-a5b6-e340f2d40a0a,Mr.,Crawford,Simonis,"85 Howe Keys Apt. 069","Hackett Camp","San Fernando",Arkansas,Mexico,672-919-054,187-487-063,"Waelchi Inc",nitzsche.com,"Surveying and Mapping Technician",teal,1995-05-07,becker.colten@hotmail.com,sNLf-l:g9C#P
2edfa5ca-6941-3463-ba51-ec4ad04dde5d,Ms.,Carolina,Goodwin,"67/68 Marquardt Avenue","Ratke Route",Kidapawan,Connecticut,Korea,200-963-192,211-292-023,"Beatty, Runolfsdottir and Walsh",cartwright.net,"Technical Writer",yellow,1985-02-18,ellis.weissnat@yahoo.com,"Hs?""3onz&a"
ae3dadcb-a544-38bb-b383-a97c505b49ea,Dr.,Carlos,Brekke,"27/72 Nolan Square Suite 166","Hermann Green",Bacolod,Indiana,Gambia,570-472-688,284-641-044,"Harvey, Nicolas and Greenholt",macejkovic.org,"Dental Laboratory Technician",aqua,1973-08-18,lulu.lehner@hotmail.com,k#dX2Qb%u'b[`J;a
2f59ec75-78da-3548-82ed-743e550debb5,Mr.,Tate,Collins,"11A/34 Kshlerin Groves","Torphy Creek","San Fernando",Montana,"British Indian Ocean Territory (Chagos Archipelago)",546-911-223,142-318-300,Wilderman-Schuster,douglas.biz,"Sociology Teacher",lime,2016-05-11,bednar.mathias@yahoo.com,"'|/)CP""~"
04d2f2d2-8960-398e-8ff8-b0786ca42a6e,Dr.,Justice,Schultz,"33/20 Kling Neck Suite 863","Nicolas Estates",Malolos,Michigan,Tonga,896-643-260,713-040-156,"Satterfield and Sons",rippin.info,Surveyor,olive,2019-10-10,charley.wiegand@yahoo.com,"5%Cd,#^-l>zz"
